"foto_kort_id","tittel","siste_klassifikasjon","registrert","registrert_av","registrert_dato","opprettet_av","opprettet_dato","samlings_id","mediagruppe_enhets_id","samling","tilvekstnr","annen_arkivident","filnavn"
5,,5,,0,"2004-05-19",0,"2004-05-19",,1876092,"UIO FUH","Balfur290663","Balfur290663s1.tif","Balfur290663s1.tif"
6,,6,,0,"2004-05-19",0,"2004-05-19",,1876119,"UIO FUH","Boeck051225","Boeck051225s3.tif","Boeck051225s3.tif"
8,,8,,0,"2004-05-19",0,"2004-05-19",,1876159,"UIO FUH","Boeck120443","Boeck120443s1.tif","Boeck120443s1.tif"
9,,9,,0,"2004-05-19",0,"2004-05-19",,1876167,"UIO FUH","Boeck120726","Boeck120726s4.tif","Boeck120726s4.tif"
10,,10,,0,"2004-05-19",0,"2004-05-19",,1876199,"UIO FUH","Boeck150443","Boeck150443s1.tif","Boeck150443s1.tif"
11,,11,,0,"2004-05-19",0,"2004-05-19",,1876207,"UIO FUH","Boeck200326","Boeck200326s8.tif","Boeck200326s8.tif"
12,,12,,0,"2004-05-19",0,"2004-05-19",,1876271,"UIO FUH","Boeck201225","Boeck201225s1.tif","Boeck201225s1.tif"
13,,13,,0,"2004-05-19",0,"2004-05-19",,1876287,"UIO FUH","Boeck240426","Boeck240426s3.tif","Boeck240426s3.tif"
14,,14,,0,"2004-05-19",0,"2004-05-19",,1876319,"UIO FUH","Boeck290462","Boeck290462s1.tif","Boeck290462s1.tif"
15,,15,,0,"2004-05-19",0,"2004-05-19",,1876327,"UIO FUH","Boeck300126","Boeck300126s2.tif","Boeck300126s2.tif"
16,,16,,0,"2004-05-19",0,"2004-05-19",,1876343,"UIO FUH","BoeckUdatert1","BoeckUdatert1s1.tif","BoeckUdatert1s1.tif"
17,,17,,0,"2004-05-19",0,"2004-05-19",,1876351,"UIO FUH","BoeckUdatert2","BoeckUdatert2s2.tif","BoeckUdatert2s2.tif"
19,,19,,0,"2004-05-24",0,"2004-05-24",,1890731,"UIO FUH","Bond130651","Bond130651s4.tif","Bond130651s4.tif"
20,,20,,0,"2004-05-24",0,"2004-05-24",,1891931,"UIO FUH","Bond141162","Bond141162s2.tif","Bond141162s2.tif"
21,,21,"1",0,"2004-05-24",0,"2004-05-24",,1892815,"UIO FUH","Bugge280992","BuggeTilxx28091792s4.tif","BuggeTilxx28091792s4.tif"
22,,22,,0,"2004-05-24",0,"2004-05-24",,1893655,"UIO FUH","Busch210851","Busch210851s3.tif","Busch210851s3.tif"
23,,23,,0,"2004-05-24",0,"2004-05-24",,1894711,"UIO FUH","Buys-Ballot0509","Buys-Ballot050966s3.tif","Buys-Ballot050966s3.tif"
24,,24,,0,"2004-05-24",0,"2004-05-24",,1895400,"UIO FUH","Buys-Ballot1607","Buys-Ballot160763s2.tif","Buys-Ballot160763s2.tif"
25,,25,,0,"2004-05-24",0,"2004-05-24",,1896367,"UIO FUH","Buys-Ballot2102","Buys-Ballot210264s4.tif","Buys-Ballot210264s4.tif"
27,,27,,0,"2004-05-24",0,"2004-05-24",,1897166,"UIO FUH","Buys-BallotU1","Buys-BallotUdatert1s3.tif","Buys-BallotUdatert1s3.tif"
28,,28,,0,"2004-05-24",0,"2004-05-24",,1897367,"UIO FUH","Buys-BallotU2","Buys-BallotUdatert2s4.tif","Buys-BallotUdatert2s4.tif"
29,,29,,0,"2004-05-24",0,"2004-05-24",,1897431,"UIO FUH","Buys-BallotU3","Buys-BallotUdatert3s4.tif","Buys-BallotUdatert3s4.tif"
30,,30,,0,"2004-05-24",0,"2004-05-24",,1897467,"UIO FUH","Böcker130631","Böcker130631s4.tif","Böcker130631s4.tif"
31,,31,,0,"2004-05-24",0,"2004-05-24",,1897499,"UIO FUH","Buys-Ballot55","Buys-Ballot000055s2.tif","Buys-Ballot000055s2.tif"
32,,32,,0,"2004-05-24",0,"2004-05-24",,1900371,"UIO FUH","Buys-Ballot0504","Buys-Ballot050459s3.tif","Buys-Ballot050459s3.tif"
33,,33,,0,"2004-05-24",0,"2004-05-24",,1900411,"UIO FUH","Buys-Ballot0802","Buys-Ballot080255s3.tif","Buys-Ballot080255s3.tif"
34,,34,,0,"2004-05-24",0,"2004-05-24",,1900447,"UIO FUH","Buys-Ballot1007","Buys-Ballot100768s1.tif","Buys-Ballot100768s1.tif"
35,,35,,0,"2004-05-24",0,"2004-05-24",,1900455,"UIO FUH","Buys-Ballot1304","Buys-Ballot130454s3.tif","Buys-Ballot130454s3.tif"
36,,36,,0,"2004-05-24",0,"2004-05-24",,1900483,"UIO FUH","Buys-Ballot1409","Buys-Ballot140962s3.tif","Buys-Ballot140962s3.tif"
37,,37,,0,"2004-05-24",0,"2004-05-24",,1900515,"UIO FUH","Buys-Ballot1703","Buys-Ballot170359s3.tif","Buys-Ballot170359s3.tif"
38,,38,,0,"2004-05-24",0,"2004-05-24",,1900539,"UIO FUH","Bretteville0704","Bretteville070459s3.tif","Bretteville070459s3.tif"
39,,39,,0,"2004-05-24",0,"2004-05-24",,1900571,"UIO FUH","Bretteville1007","Bretteville100756s2.tif","Bretteville100756s2.tif"
40,,40,,0,"2004-05-24",0,"2004-05-24",,1900595,"UIO FUH","brauer190555","brauer190555s1.tif","brauer190555s1.tif"
41,,41,,0,"2004-05-24",0,"2004-05-24",,1900611,"UIO FUH","Bergh151260","Bergh151260s2.tif","Bergh151260s2.tif"
42,,42,,0,"2004-05-24",0,"2004-05-24",,1900627,"UIO FUH","Barth200324","Barth200324s2.tif","Barth200324s2.tif"
43,,43,,0,"2004-05-25",0,"2004-05-25",,1905577,"UIO FUH","Berzeulius0401","Berzeulius040127s2.tif","Berzeulius040127s2.tif"
44,,44,,0,"2004-05-25",0,"2004-05-25",,1905601,"UIO FUH","Berzelius040724","Berzeulius040724s3.tif","Berzeulius040724s3.tif"
45,,45,,0,"2004-05-25",0,"2004-05-25",,1905633,"UIO FUH","Berzelius050531","Berzeulius050531s3.tif","Berzeulius050531s3.tif"
46,,46,,0,"2004-05-25",0,"2004-05-25",,1905665,"UIO FUH","Berzelius060235","Berzeulius060235s1.tif","Berzeulius060235s1.tif"
47,,47,,0,"2004-05-25",0,"2004-05-25",,1905673,"UIO FUH","Berzelius060646","Berzeulius060646s3.tif","Berzeulius060646s3.tif"
48,,48,,0,"2004-05-25",0,"2004-05-25",,1905705,"UIO FUH","Berzelius061043","Berzeulius061043s1.tif","Berzeulius061043s1.tif"
49,,49,,0,"2004-05-25",0,"2004-05-25",,1905713,"UIO FUH","Berzelius071042","Berzeulius071042s1.tif","Berzeulius071042s1.tif"
51,,51,,0,"2004-05-25",0,"2004-05-25",,1905729,"UIO FUH","Berzelius080141","Berzeulius080141s2.tif","Berzeulius080141s2.tif"
52,,52,,0,"2004-05-25",0,"2004-05-25",,1905745,"UIO FUH","Berzelius080844","Berzeulius080844sf.tif","Berzeulius080844sf.tif"
53,,53,,0,"2004-05-25",0,"2004-05-25",,1905769,"UIO FUH","Berzelius081243","Berzeulius081243s1.tif","Berzeulius081243s1.tif"
54,,54,,0,"2004-05-25",0,"2004-05-25",,1905777,"UIO FUH","Berzelius090124","Berzeulius090124s2.tif","Berzeulius090124s2.tif"
55,,55,,0,"2004-05-25",0,"2004-05-25",,1905793,"UIO FUH","Berzelius091024","Berzeulius091024s1.tif","Berzeulius091024s1.tif"
56,,56,,0,"2004-05-25",0,"2004-05-25",,1905801,"UIO FUH","Berzelius120333","Berzeulius120333s4.tif","Berzeulius120333s4.tif"
57,,57,,0,"2004-05-25",0,"2004-05-25",,1905837,"UIO FUH","Berzelius120427","Berzeulius120427s3.tif","Berzeulius120427s3.tif"
58,,58,,0,"2004-05-25",0,"2004-05-25",,1905869,"UIO FUH","Berzelius120643","Berzeulius120643s1.tif","Berzeulius120643s1.tif"
59,,59,,0,"2004-05-25",0,"2004-05-25",,1905881,"UIO FUH","Berzelius140838","Berzeulius140838s1.tif","Berzeulius140838s1.tif"
60,,60,,0,"2004-05-25",0,"2004-05-25",,1905897,"UIO FUH","Berzelius200536","Berzeulius200536s2.tif","Berzeulius200536s2.tif"
61,,61,,0,"2004-05-25",0,"2004-05-25",,1905917,"UIO FUH","Berzelius201230","Berzeulius201230s2.tif","Berzeulius201230s2.tif"
62,,62,,0,"2004-05-25",0,"2004-05-25",,1905937,"UIO FUH","Berzelius210442","Berzeulius210442s1.tif","Berzeulius210442s1.tif"
63,,63,,0,"2004-05-25",0,"2004-05-25",,1905949,"UIO FUH","Berzelius211131","Berzeulius211131s2.tif","Berzeulius211131s2.tif"
64,,64,,0,"2004-05-25",0,"2004-05-25",,1905973,"UIO FUH","Berzelius250442","Berzeulius250442s2.tif","Berzeulius250442s2.tif"
65,,65,,0,"2004-05-25",0,"2004-05-25",,1905997,"UIO FUH","Berzelius250644","Berzeulius250644s3.tif","Berzeulius250644s3.tif"
66,,66,,0,"2004-05-25",0,"2004-05-25",,1906033,"UIO FUH","Berzelius270841","Berzeulius270841s3.tif","Berzeulius270841s3.tif"
67,,67,,0,"2004-05-25",0,"2004-05-25",,1906057,"UIO FUH","Berzelius270931","Berzeulius270931s2.tif","Berzeulius270931s2.tif"
68,,68,,0,"2004-05-25",0,"2004-05-25",,1906081,"UIO FUH","Berzelius291142","Berzeulius291142s2.tif","Berzeulius291142s2.tif"
69,,69,,0,"2004-05-25",0,"2004-05-25",,1906105,"UIO FUH","BerzeliusUdat1","BerzeuliusUdat1s1.tif","BerzeuliusUdat1s1.tif"
70,,70,,0,"2004-05-25",0,"2004-05-25",,1906137,"UIO FUH","Bohr010920s1","Bohr010920s4.tif","Bohr010920s4.tif"
71,,71,,0,"2004-05-25",0,"2004-05-25",,1906186,"UIO FUH","Bohr030722","Bohr030722s3.tif","Bohr030722s3.tif"
72,,72,,0,"2004-05-25",0,"2004-05-25",,1906210,"UIO FUH","Bohr120521","Bohr120521s3.tif","Bohr120521s3.tif"
73,,73,,0,"2004-05-25",0,"2004-05-25",,1906234,"UIO FUH","Bohr130920","Bohr130920s3.tif","Bohr130920s3.tif"
74,,74,,0,"2004-05-25",0,"2004-05-25",,1906266,"UIO FUH","Bohr181218","Bohr181218s3.tif","Bohr181218s3.tif"
75,,75,,0,"2004-05-25",0,"2004-05-25",,1906298,"UIO FUH","Bohr200219","Bohr200219s3.tif","Bohr200219s3.tif"
76,,76,,0,"2004-05-25",0,"2004-05-25",,1906322,"UIO FUH","Bohr201016","Bohr201016s9.tif","Bohr201016s9.tif"
77,,77,,0,"2004-05-25",0,"2004-05-25",,1906394,"UIO FUH","Bohr270422","Bohr270422s4.tif","Bohr270422s4.tif"
78,,78,,0,"2004-05-25",0,"2004-05-25",,1906426,"UIO FUH","Bohr280726","Bohr280726s2.tif","Bohr280726s2.tif"
79,,79,,0,"2004-05-25",0,"2004-05-25",,1906442,"UIO FUH","Bohr310718","Bohr310718s2s2.tif","Bohr310718s2s2.tif"
80,,80,,0,"2004-05-25",0,"2004-05-25",,1906474,"UIO FUH","BohrUdatert","BohrUdaterts3.tif","BohrUdaterts3.tif"
81,,81,,0,"2004-05-25",0,"2004-05-25",,1906506,"UIO FUH","Brandes200422","Brandes200422s5.tif","Brandes200422s5.tif"
82,,82,,0,"2004-05-25",0,"2004-05-25",,1906554,"UIO FUH","Brandes250226","Brandes250226s3.tif","Brandes250226s3.tif"
83,,83,,0,"2004-05-25",0,"2004-05-25",,1906586,"UIO FUH","Brandes310325","Brandes310325s3.tif","Brandes310325s3.tif"
84,,84,,0,"2004-05-25",0,"2004-05-25",,1906618,"UIO FUH","TilBrandesU","TilBrandesUdaterts1.tif","TilBrandesUdaterts1.tif"
85,,85,,0,"2004-05-27",0,"2004-05-27",,1911916,"UIO FUH","Akrell180144","Akrell180144sf.tif","Akrell180144sf.tif"
86,,86,,0,"2004-05-27",0,"2004-05-27",,1911940,"UIO FUH","Akrell210342","Akrell210342s2.tif","Akrell210342s2.tif"
87,,87,,0,"2004-05-27",0,"2004-05-27",,1911965,"UIO FUH","Andresen201214","Andresen201214s2.tif","Andresen201214s2.tif"
88,,88,,0,"2004-05-27",0,"2004-05-27",,1911989,"UIO FUH","Bache121057","Bache121057s1.tif","Bache121057s1.tif"
89,,89,,0,"2004-05-27",0,"2004-05-27",,1911999,"UIO FUH","Bache201157","Bache201157s1.tif","Bache201157s1.tif"
90,,90,,0,"2004-05-27",0,"2004-05-27",,1912007,"UIO FUH","Bache211255","Bache211255s2.tif","Bache211255s2.tif"
91,,91,,0,"2004-05-27",0,"2004-05-27",,1912023,"UIO FUH","Bache291159","Bache291159s1.tif","Bache291159s1.tif"
92,,92,,0,"2004-05-27",0,"2004-05-27",,1912039,"UIO FUH","Barlow150131","Barlow150131s2.tif","Barlow150131s2.tif"
93,,93,,0,"2004-05-27",0,"2004-05-27",,1912064,"UIO FUH","Barlow180227","Barlow180227s1.tif","Barlow180227s1.tif"
94,,94,,0,"2004-05-27",0,"2004-05-27",,1912072,"UIO FUH","Barlow270328","Barlow270328s3.tif","Barlow270328s3.tif"
95,,95,,0,"2004-05-27",0,"2004-05-27",,1912112,"UIO FUH","SAnderson070119","SAnderson070119s2.tif","SAnderson070119s2.tif"
96,,96,,0,"2004-05-27",0,"2004-05-27",,1912139,"UIO FUH","AAstrand010164","AAstrand010164s3.tif","AAstrand010164s3.tif"
97,,97,,0,"2004-05-27",0,"2004-05-27",,1912164,"UIO FUH","AAstrand010164v","AAstrand010164v1s4.tif","AAstrand010164v1s4.tif"
98,,98,,0,"2004-05-27",0,"2004-05-27",,1912196,"UIO FUH","AAstrand020366","AAstrand020366s2.tif","AAstrand020366s2.tif"
99,,99,,0,"2004-05-27",0,"2004-05-27",,1912212,"UIO FUH","AAstrand300163","AAstrand300163s3.tif","AAstrand300163s3.tif"
100,,100,,0,"2004-05-27",0,"2004-05-27",,1912243,"UIO FUH","Anker200517","Anker200517s3.tif","Anker200517s3.tif"
101,,101,,0,"2004-05-27",0,"2004-05-27",,1912275,"UIO FUH","Autenrieth0811","Autenrieth081162s2.tif","Autenrieth081162s2.tif"
102,,102,,0,"2004-05-27",0,"2004-05-27",,1912291,"UIO FUH","Banks140919","Banks140919s2.tif","Banks140919s2.tif"
103,,103,,0,"2004-05-27",0,"2004-05-27",,1912315,"UIO FUH","Banks140919v","Banks140919v1s1.tif","Banks140919v1s1.tif"
104,,104,,0,"2004-05-27",0,"2004-05-27",,1912323,"UIO FUH","Askengren120957","Askengren120957s3.tif","Askengren120957s3.tif"
106,,106,,0,"2004-05-27",0,"2004-05-27",,1912347,"UIO FUH","Brewster100621","Brewster100621s3.tif","Brewster100621s3.tif"
107,,107,,0,"2004-05-27",0,"2004-05-27",,1912379,"UIO FUH","Brewster241023","Brewster241023s3.tif","Brewster241023s3.tif"
108,,108,,0,"2004-05-27",0,"2004-05-27",,1912411,"UIO FUH","airz010255","airz010255s3.tif","airz010255s3.tif"
109,,109,,0,"2004-05-27",0,"2004-05-27",,1912443,"UIO FUH","airz061256","airz061256s2.tif","airz061256s2.tif"
110,,110,,0,"2004-05-27",0,"2004-05-27",,1912459,"UIO FUH","airz080857","airz080857s1.tif","airz080857s1.tif"
111,,111,,0,"2004-05-27",0,"2004-05-27",,1912469,"UIO FUH","airz090352","airz090352s2.tif","airz090352s2.tif"
112,,112,,0,"2004-05-27",0,"2004-05-27",,1912501,"UIO FUH","airz090357","airz090352s2.tif","airz090352s2.tif"
113,,113,,0,"2004-05-27",0,"2004-05-27",,1912517,"UIO FUH","airz090957","airz090957s2.tif","airz090957s2.tif"
114,,114,,0,"2004-05-27",0,"2004-05-27",,1912533,"UIO FUH","airz010458","airz100158s2.tif","airz100158s2.tif"
116,,116,,0,"2004-09-14",0,"2004-09-14",,2389756,"UIO FUH","airz120255","airz120255s2.tif","airz120255s2.tif"
117,,117,,0,"2004-09-14",0,"2004-09-14",,2389986,"UIO FUH","airz140157","airz140157s2.tif","airz140157s2.tif"
118,,118,,0,"2004-09-14",0,"2004-09-14",,2390133,"UIO FUH","airz150865","airz150865s2.tif","airz150865s2.tif"
119,,119,,0,"2004-09-14",0,"2004-09-14",,2390301,"UIO FUH","airz170457","airz170457s2.tif","airz170457s2.tif"
120,,120,,0,"2004-09-14",0,"2004-09-14",,2390650,"UIO FUH","airz201060","airz201060s3.tif","airz201060s3.tif"
121,,121,,0,"2004-09-14",0,"2004-09-14",,2390799,"UIO FUH","airz210653","airz210653s2.tif","airz210653s2.tif"
122,,122,,0,"2004-09-14",0,"2004-09-14",,2393262,"UIO FUH","airz220559","airz220559s1.tif","airz220559s1.tif"
123,,123,,0,"2004-09-14",0,"2004-09-14",,2393403,"UIO FUH","airz261158","airz261158s2.tif","airz261158s2.tif"
124,,124,,0,"2004-09-14",0,"2004-09-14",,2393726,"UIO FUH","airz290365","airz290365s2.tif","airz290365s2.tif"
125,,125,,0,"2004-09-14",0,"2004-09-14",,2393915,"UIO FUH","airz290459","airz290459s2.tif","airz290459s2.tif"
126,,126,,0,"2004-09-14",0,"2004-09-14",,2394093,"UIO FUH","airz290951","airz290951s2.tif","airz290951s2.tif"
127,,127,,0,"2004-09-15",0,"2004-09-15",,2407333,"UIO FUH","airz310358","airz310358s2.tif","airz310358s2.tif"
128,,128,,0,"2004-09-15",0,"2004-09-15",,2408757,"UIO FUH","arago190833","arago190833.tif","arago190833.tif"
129,,129,,0,"2004-09-15",0,"2004-09-15",,2408998,"UIO FUH","Argelander04045","Argelander040450s3.tif","Argelander040450s3.tif"
130,,130,,0,"2004-09-15",0,"2004-09-15",,2410929,"UIO FUH","Argelander07083","Argelander070830s3.tif","Argelander070830s3.tif"
131,,131,,0,"2004-09-15",0,"2004-09-15",,2410985,"UIO FUH","Argelander15102","Argelander151025s4.tif","Argelander151025s4.tif"
132,,132,,0,"2004-09-15",0,"2004-09-15",,2411017,"UIO FUH","Argelander18022","Argelander180226s3.tif","Argelander180226s3.tif"
133,,133,,0,"2004-09-15",0,"2004-09-15",,2411259,"UIO FUH","Argelander18123","Argelander181230s3.tif","Argelander181230s3.tif"
134,,134,,0,"2004-09-15",0,"2004-09-15",,2418209,"UIO FUH","Argelander26082","Argelander260826s5.tif","Argelander260826s5.tif"
135,,135,,0,"2004-09-16",0,"2004-09-16",,2436231,"UIO FUH","Argelander27062","Argelander270626s4.tif","Argelander270626s4.tif"
136,,136,,0,"2004-09-16",0,"2004-09-16",,2436671,"UIO FUH","dAbbadie050555","dAbbadie050555s1.tif","dAbbadie050555s1.tif"
137,,137,,0,"2004-09-16",0,"2004-09-16",,2437987,"UIO FUH","dAbbadie140956","dAbbadie140956.tif","dAbbadie140956.tif"
138,,138,,0,"2004-09-16",0,"2004-09-16",,2438265,"UIO FUH","dAbbadie230656","dAbbadie230656s1.tif","dAbbadie230656s1.tif"
139,,139,,0,"2004-09-16",0,"2004-09-16",,2438631,"UIO FUH","AAngstrom160753","AAngstrom160753s1.tif","AAngstrom160753s1.tif"
140,,140,,0,"2004-09-16",0,"2004-09-16",,2439441,"UIO FUH","Agardh140552","Agardh140552s3.tif","Agardh140552s3.tif"
141,,141,,0,"2004-09-16",0,"2004-09-16",,2439846,"UIO FUH","Agardh240250","Agardh240250s1.tif","Agardh240250s1.tif"
142,,142,,0,"2004-09-16",0,"2004-09-16",,2441960,"UIO FUH","Arnold_Dent0603","Arnold_Dent060337s2.tif","Arnold_Dent060337s2.tif"
143,,143,,0,"2004-09-16",0,"2004-09-16",,2442883,"UIO FUH","Arnold_Dent1203","Arnold_Dent120337s1.tif","Arnold_Dent120337s1.tif"
145,,145,,0,"2004-09-22",0,"2004-09-22",,2506939,"UIO FUH","NJAnderson16035","NJAnderson160358f.tif","NJAnderson160358f.tif"
146,,146,,0,"2004-09-23",0,"2004-09-23",,2523504,"UIO FUH","AAastrand010159","AAstrand010159s2.tif","AAstrand010159s2.tif"
148,,148,,0,"2004-09-23",0,"2004-09-23",,2524014,"UIO FUH","AAstrand010960","AAstrand010960f.tif","AAstrand010960f.tif"
149,,149,,0,"2004-09-23",0,"2004-09-23",,2524540,"UIO FUH","AAstrand010960v","AAstrand010960v1s7.tif","AAstrand010960v1s7.tif"
150,,150,,0,"2004-09-23",0,"2004-09-23",,2524746,"UIO FUH","AAstrand020855","AAstrand020855s3.tif","AAstrand020855s3.tif"
151,,151,,0,"2004-09-23",0,"2004-09-23",,2525298,"UIO FUH","AAstrand030561","AAstrand030561s1.tif","AAstrand030561s1.tif"
152,,152,,0,"2004-09-23",0,"2004-09-23",,2525306,"UIO FUH","AAstrand050359","AAstrand050359s3.tif","AAstrand050359s3.tif"
153,,153,,0,"2004-09-23",0,"2004-09-23",,2525338,"UIO FUH","AAstrand070157","AAstrand070157s4.tif","AAstrand070157s4.tif"
154,,154,,0,"2004-09-23",0,"2004-09-23",,2525370,"UIO FUH","AAstrand090959","AAstrand090959s1.tif","AAstrand090959s1.tif"
155,,155,,0,"2004-09-23",0,"2004-09-23",,2525434,"UIO FUH","AAstrand110561","AAstrand110561s3.tif","AAstrand110561s3.tif"
156,,156,,0,"2004-09-23",0,"2004-09-23",,2525578,"UIO FUH","AAstrand120657","AAstrand120657s6.tif","AAstrand120657s6.tif"
157,,157,,0,"2004-09-23",0,"2004-09-23",,2525886,"UIO FUH","AAstrand120659","AAstrand120659s4.tif","AAstrand120659s4.tif"
158,,158,,0,"2004-09-23",0,"2004-09-23",,2526110,"UIO FUH","AAstrand12065v1","AAstrand120659v1s2.tif","AAstrand120659v1s2.tif"
159,,159,,0,"2004-09-23",0,"2004-09-23",,2526126,"UIO FUH","AAstrand12065v2","AAstrand120659v2s1.tif","AAstrand120659v2s1.tif"
160,,160,,0,"2004-09-23",0,"2004-09-23",,2526134,"UIO FUH","AAstrand130161","AAstrand130161s1.tif","AAstrand130161s1.tif"
161,,161,,0,"2004-09-23",0,"2004-09-23",,2526142,"UIO FUH","AAstrand140359","AAstrand140359s1.tif","AAstrand140359s1.tif"
162,,162,,0,"2004-09-23",0,"2004-09-23",,2526158,"UIO FUH","AAstrand140658","AAstrand140658s3.tif","AAstrand140658s3.tif"
163,,163,,0,"2004-09-23",0,"2004-09-23",,2526190,"UIO FUH","AAstrand0150261","AAstrand0150261s3.tif","AAstrand0150261s3.tif"
164,,164,,0,"2004-09-23",0,"2004-09-23",,2526222,"UIO FUH","AAstrand150759","AAstrand150759s2.tif","AAstrand150759s2.tif"
165,,165,,0,"2004-09-23",0,"2004-09-23",,2526498,"UIO FUH","AAstrand160958","AAstrand160958s1.tif","AAstrand160958s1.tif"
166,,166,,0,"2004-09-23",0,"2004-09-23",,2526812,"UIO FUH","AAstrand180258","AAstrand180258s3.tif","AAstrand180258s3.tif"
167,,167,,0,"2004-09-24",0,"2004-09-24",,2534324,"UIO FUH","AAstrand180361","AAstrand180361s3.tif","AAstrand180361s3.tif"
168,,168,,0,"2004-09-24",0,"2004-09-24",,2534404,"UIO FUH","AAstrand180760","AAstrand180760s4.tif","AAstrand180760s4.tif"
169,,169,,0,"2004-09-24",0,"2004-09-24",,2534574,"UIO FUH","AAstrand190255","AAstrand190255s3.tif","AAstrand190255s3.tif"
170,,170,,0,"2004-09-24",0,"2004-09-24",,2534706,"UIO FUH","AAstrand190961","AAstrand190961s2.tif","AAstrand190961s2.tif"
171,,171,,0,"2004-09-24",0,"2004-09-24",,2534730,"UIO FUH","AAstrand190961v","AAstrand190961v1s1.tif","AAstrand190961v1s1.tif"
172,,172,,0,"2004-09-24",0,"2004-09-24",,2535034,"UIO FUH","AAstrand191059","AAstrand191059s2.tif","AAstrand191059s2.tif"
173,,173,,0,"2004-09-24",0,"2004-09-24",,2535550,"UIO FUH","AAstrand201261","AAstrand201261s2.tif","AAstrand201261s2.tif"
174,,174,,0,"2004-09-24",0,"2004-09-24",,2535705,"UIO FUH","AAstrand230457","AAstrand230457s4.tif","AAstrand230457s4.tif"
175,,175,,0,"2004-09-24",0,"2004-09-24",,2535856,"UIO FUH","AAstrand230761","AAstrand230761s3.tif","AAstrand230761s3.tif"
176,,176,,0,"2004-09-24",0,"2004-09-24",,2535942,"UIO FUH","AAstrand250660","AAstrand250660s2.tif","AAstrand250660s2.tif"
177,,177,,0,"2004-09-24",0,"2004-09-24",,2536192,"UIO FUH","AAstrand25066v1","AAstrand250660v1s2.tif","AAstrand250660v1s2.tif"
178,,178,,0,"2004-09-24",0,"2004-09-24",,2536234,"UIO FUH","AAstrand25066v2","AAstrand250660v2s1.tif","AAstrand250660v2s1.tif"
179,,179,,0,"2004-09-24",0,"2004-09-24",,2536326,"UIO FUH","AAstrand260660","AAstrand260660s3.tif","AAstrand260660s3.tif"
180,,180,,0,"2004-09-24",0,"2004-09-24",,2536568,"UIO FUH","AAstrand260861","AAstrand260861s2.tif","AAstrand260861s2.tif"
181,,181,,0,"2004-09-24",0,"2004-09-24",,2536664,"UIO FUH","AAstrand270257","AAstrand270257s2.tif","AAstrand270257s2.tif"
182,,182,,0,"2004-09-24",0,"2004-09-24",,2536820,"UIO FUH","AAstrand270561","AAstrand270561s3.tif","AAstrand270561s3.tif"
183,,183,,0,"2004-09-24",0,"2004-09-24",,2537104,"UIO FUH","AAstrand290362","AAstrand290362s3.tif","AAstrand290362s3.tif"
184,,184,,0,"2004-09-24",0,"2004-09-24",,2537272,"UIO FUH","AAstrand290859","AAstrand290859s2.tif","AAstrand290859s2.tif"
185,,185,,0,"2004-09-24",0,"2004-09-24",,2537502,"UIO FUH","AAstrand301160","AAstrand301160s4.tif","AAstrand301160s4.tif"
186,,186,,0,"2004-09-24",0,"2004-09-24",,2537756,"UIO FUH","AAstrandArtikke","AAstrandArtikkels13.tif","AAstrandArtikkels13.tif"
188,,188,,0,"2004-10-07",0,"2004-10-07",,2710704,"UIO FUH","bugge281212","Bugge281212.tif","Bugge281212.tif"
189,,189,,0,"2004-10-07",0,"2004-10-07",,2710364,"UIO FUH","Perthes060721","Perthes-Besser060721f.tif","Perthes-Besser060721f.tif"
190,,190,,0,"2004-10-07",0,"2004-10-07",,2710440,"UIO FUH","Perthes050620","Perthes-Besser050620f.tif","Perthes-Besser050620f.tif"
191,,191,,0,"2004-10-21",0,"2004-10-21",,3076369,"UIO FUH","Perthes300861","Perthes-Besser300861s1.tif","Perthes-Besser300861s1.tif"
193,,193,,0,"2004-10-21",0,"2004-11-02",,3079105,"UIO FUH","Perthes290854","Perthes-Besser290854f.tif","Perthes-Besser290854f.tif"
195,,195,,0,"2004-11-05",0,"2004-11-05",,3359268,"UIO FUH","Brewter290550","Brewster290550s2.tif","Brewster290550s2.tif"
196,,196,,0,"2005-02-03",0,"2005-02-03",,5851576,"UIO FUH","Ertel050328","Ertel050528v1s2.tif","Ertel050528v1s2.tif"
197,,197,,0,"2005-02-03",0,"2005-02-03",,5851624,"UIO FUH","Ertel071127","Ertel071127s3.tif","Ertel071127s3.tif"
198,,198,,0,"2005-02-03",0,"2005-02-03",,5851656,"UIO FUH","Ertel100527","Ertel100527s2.tif","Ertel100527s2.tif"
200,,200,,2,"2005-04-08",2,"2005-04-08",,6556117,"UIO FUH","Cutterb260924","Cutterbuck260624s1.tif","Cutterbuck260624s1.tif"
201,,201,,2,"2005-04-08",2,"2005-04-08",,6558372,"UIO FUH","Const220158","Constable220158s3.tif","Constable220158s3.tif"
202,,202,,2,"2005-04-08",2,"2005-04-08",,6559876,"UIO FUH","Christie160157","Christie160157s3.tif","Christie160157s3.tif"
203,,203,,2,"2005-04-08",2,"2005-04-08",,6560308,"UIO FUH","Crowe0309xx","Crowe0309xxs2.tif","Crowe0309xxs2.tif"
204,,204,,2,"2005-04-11",2,"2005-04-11",,6614515,"UIO FUH","Due160127","Due160627s2.tif","Due160627s2.tif"
205,,205,,2,"2005-04-11",2,"2005-04-11",,6614539,"UIO FUH","Due111228","Due111228s2.tif","Due111228s2.tif"
206,,206,,2,"2005-04-11",2,"2005-04-11",,6614563,"UIO FUH","Due160134","Due160134s1.tif","Due160134s1.tif"
207,,207,,2,"2005-04-11",2,"2005-04-11",,6614579,"UIO FUH","Due240240","Due240240s1.tif","Due240240s1.tif"
208,,208,,2,"2005-04-11",2,"2005-04-11",,6614595,"UIO FUH","Due250141","Due250141s1.tif","Due250141s1.tif"
209,,209,,2,"2005-04-11",2,"2005-04-11",,6614611,"UIO FUH","Due070642","Due070642s1.tif","Due070642s1.tif"
210,,210,,2,"2005-04-11",2,"2005-04-11",,6614627,"UIO FUH","Due111147","Due111147s1.tif","Due111147s1.tif"
211,,211,,2,"2005-04-11",2,"2005-04-11",,6614643,"UIO FUH","Due311253","Due311253s2.tif","Due311253s2.tif"
212,,212,,2,"2005-04-11",2,"2005-04-11",,6617238,"UIO FUH","Due020154","Due020154s1.tif","Due020154s1.tif"
213,,213,,2,"2005-04-11",2,"2005-04-11",,6617863,"UIO FUH","Due290654","Due290654s1.tif","Due290654s1.tif"
214,,214,,2,"2005-04-11",2,"2005-04-11",,6618929,"UIO FUH","Due240854","Due240854s1.tif","Due240854s1.tif"
215,,215,,2,"2005-04-11",2,"2005-04-11",,6619268,"UIO FUH","Due111254","Due111254s2.tif","Due111254s2.tif"
216,,216,,2,"2005-04-11",2,"2005-04-11",,6619931,"UIO FUH","Due010155","Due010155s1.tif","Due010155s1.tif"
217,,217,,2,"2005-04-11",2,"2005-04-11",,6620178,"UIO FUH","Due250358","Due250358s1.tif","Due250358s1.tif"
218,,218,,2,"2005-04-11",2,"2005-04-11",,6620754,"UIO FUH","Delambr230721","Delambre230721s1.tif","Delambre230721s1.tif"
219,,219,,2,"2005-04-11",2,"2005-04-11",,6621149,"UIO FUH","Diricks090154","Diricks090154s1.tif","Diricks090154s1.tif"
220,,220,,2,"2005-04-11",2,"2005-04-11",,6621425,"UIO FUH","Diricks140855","Diricks140855s1.tif","Diricks140855s1.tif"
221,,221,,2,"2005-04-11",2,"2005-04-11",,6622372,"UIO FUH","Diricks291052","Diricks291052s1.tif","Diricks291052s1.tif"
222,,222,,2,"2005-04-11",2,"2005-04-11",,6622847,"UIO FUH","Dahl030656","Dahl030656s3.tif","Dahl030656s3.tif"
223,,223,,2,"2005-04-13",2,"2005-04-13",,6633307,"UIO FUH","Droyson061058","Droysonvls2.tif","Droysonvls2.tif"
224,,224,,2,"2005-04-13",2,"2005-04-13",,6634398,"UIO FUH","Dartoud181029","Dartoud181029s4.tif","Dartoud181029s4.tif"
225,,225,,2,"2005-04-13",2,"2005-04-13",,6635760,"UIO FUH","Dovexxxxxx","Dovexxxxxxs3.tif","Dovexxxxxxs3.tif"
226,,226,,2,"2005-04-13",2,"2005-04-13",,6636332,"UIO FUH","Degen131111","Degen131111s6.tif","Degen131111s6.tif"
227,,227,,2,"2005-04-13",2,"2005-04-13",,6642849,"UIO FUH","Degen210521","Degen219521s4.tif","Degen219521s4.tif"
228,,228,,2,"2005-04-13",2,"2005-04-13",,6643341,"UIO FUH","Dircking221016","Dirckingck221016s2.tif","Dirckingck221016s2.tif"
229,,229,,2,"2005-04-13",2,"2005-04-13",,6644136,"UIO FUH","Deichm261118","Deichmann261118s3.tif","Deichmann261118s3.tif"
230,,230,,2,"2005-04-13",2,"2005-04-13",,6644878,"UIO FUH","Deichm290119","Deichmann290119s2.tif","Deichmann290119s2.tif"
231,,231,,2,"2005-04-13",2,"2005-04-13",,6647821,"UIO FUH","Deichm220419","Deichmann220419s1.tif","Deichmann220419s1.tif"
232,,232,,2,"2005-04-13",2,"2005-04-13",,6648047,"UIO FUH","Deichm290320","Deichmann290320s1.tif","Deichmann290320s1.tif"
233,,233,,2,"2005-04-13",2,"2005-04-13",,6648274,"UIO FUH","Deichm161120","Deichmann161120s1.tif","Deichmann161120s1.tif"
234,,234,,2,"2005-04-14",2,"2005-04-14",,6651581,"UIO FUH","Daniele100640","Daniele100640s1.tif","Daniele100640s1.tif"
235,,235,,2,"2005-04-14",2,"2005-04-14",,6651597,"UIO FUH","Daniele090140","Daniele090140s1.tif","Daniele090140s1.tif"
236,,236,,2,"2005-04-14",2,"2005-04-14",,6651613,"UIO FUH","Daniele180241","Daniele180241s1.tif","Daniele180241s1.tif"
237,,237,,2,"2005-04-14",2,"2005-04-14",,6651629,"UIO FUH","Daniele150741","Daniele150741s3.tif","Daniele150741s3.tif"
238,,238,,2,"2005-04-14",2,"2005-04-14",,6651653,"UIO FUH","Gyldend311239","Gyldendalske Boghandling311239.tif","Gyldendalske Boghandling311239.tif"
239,,239,,0,,0,,,6651661,"UIO FUH","Dublin150141","Dublin-Sirkulære150141s1.tif","Dublin-Sirkulære150141s1.tif"
240,,240,,2,"2005-04-14",2,"2005-04-14",,6651677,"UIO FUH","Daurlov110661","Daurlov110661s4d1.tif","Daurlov110661s4d1.tif"
241,,241,,2,"2005-04-15",2,"2005-04-15",,6652271,"UIO FUH","Due051063","Due051063s1.tif","Due051063s1.tif"
242,,242,,0,,0,,,6652323,"UIO FUH","Due310329","Due310329s4.tif","Due310329s4.tif"
243,,243,,2,"2005-04-15",2,"2005-04-15",,6652355,"UIO FUH","Duexxxxxx_1","Duexxxxxxs4.tif","Duexxxxxxs4.tif"
244,,244,,2,"2005-04-15",2,"2005-04-15",,6652387,"UIO FUH","Duexxxxxx_2","Duexxxxxxs4.tif","Duexxxxxxs4.tif"
245,,245,,2,"2005-04-15",2,"2005-04-15",,6652419,"UIO FUH","Due060629","Due060629s4.tif","Due060629s4.tif"
246,,246,,2,"2005-04-15",2,"2005-04-15",,6652467,"UIO FUH","Due150829","Due150829s3.tif","Due150829s3.tif"
247,,247,,2,"2005-04-15",2,"2005-04-15",,6652499,"UIO FUH","Due020433","Due020433s2.tif","Due020433s2.tif"
248,,248,,2,"2005-04-15",2,"2005-04-15",,6652515,"UIO FUH","Due180733","Due180733s4.tif","Due180733s4.tif"
249,,249,,2,"2005-04-15",2,"2005-04-15",,6652539,"UIO FUH","Duexxxxxx_3","Duexxxxxxs3.tif","Duexxxxxxs3.tif"
250,,250,,2,"2005-04-15",2,"2005-04-15",,6652563,"UIO FUH","Due210138","Due210138s3.tif","Due210138s3.tif"
251,,251,,0,"2005-04-15",0,"2005-04-15",,6652595,"UIO FUH","Baeyer260662","Baeyer260662v1s7.tif","Baeyer260662v1s7.tif"
252,,252,,0,"2005-04-15",0,"2005-04-15",,6652691,"UIO FUH","Beaufoy070435","Baufoy070435s1.tif","Baufoy070435s1.tif"
253,,253,,0,"2005-04-15",0,"2005-04-15",,6652711,"UIO FUH","Beaufoy080835","Baufoy180835s1.tif","Baufoy180835s1.tif"
254,,254,,2,"2005-04-18",2,"2005-04-18",,6652731,"UIO FUH","Due150538","Due150438s3.tif","Due150438s3.tif"
255,,255,,2,"2005-04-18",2,"2005-04-18",,6652755,"UIO FUH","Due030541","Due030541s3.tif","Due030541s3.tif"
256,,256,,2,"2005-04-18",2,"2005-04-18",,6652779,"UIO FUH","Due060160","Due060160s3.tif","Due060160s3.tif"
257,,257,,2,"2005-04-18",2,"2005-04-18",,6652803,"UIO FUH","Due310161","Due310161s3.tif","Due310161s3.tif"
258,,258,,2,"2005-04-18",2,"2005-04-18",,6652835,"UIO FUH","Due160461","Due160461s3.tif","Due160461s3.tif"
259,,259,,2,"2005-04-18",2,"2005-04-18",,6652867,"UIO FUH","Due280362","Due280362s4.tif","Due280362s4.tif"
260,,260,,2,"2005-04-18",2,"2005-04-18",,6652899,"UIO FUH","Due210762","Due210762s4.tif","Due210762s4.tif"
261,,261,,2,"2005-04-18",2,"2005-04-18",,6653002,"UIO FUH","Due010862","Due010862s2.tif","Due010862s2.tif"
262,,262,,2,"2005-04-18",2,"2005-04-18",,6653066,"UIO FUH","Daubru0107xx","Daubru0107xx.tif","Daubru0107xx.tif"
263,,263,,2,"2005-04-18",2,"2005-04-18",,6653104,"UIO FUH","Dahl300335","Dahl300335s1.tif","Dahl300335s1.tif"
264,,264,,2,"2005-04-18",2,"2005-04-18",,6653181,"UIO FUH","Erman090560","Erman090560s4.tif","Erman090560s4.tif"
265,,265,,2,"2005-04-18",2,"2005-04-18",,6653281,"UIO FUH","Erman111261","Erman111261s8.tif","Erman111261s8.tif"
266,,266,,2,"2005-04-18",2,"2005-04-18",,6653345,"UIO FUH","Ermanxxxxxx_1","Ermannxxxxxxs4.tif","Ermannxxxxxxs4.tif"
267,,267,,2,"2005-04-18",2,"2005-04-18",,6653377,"UIO FUH","Erman120456","Erman120456s4.tif","Erman120456s4.tif"
268,,268,,2,"2005-04-18",2,"2005-04-18",,6653409,"UIO FUH","Erman140741","Erman140741s1.tif","Erman140741s1.tif"
269,,269,,2,"2005-04-18",2,"2005-04-18",,6653425,"UIO FUH","Erman240741","Erman240741s2.tif","Erman240741s2.tif"
270,,270,,2,"2005-04-19",2,"2005-04-19",,6660855,"UIO FUH","Erman011232","Erman011232s6.tif","Erman011232s6.tif"
271,,271,,2,"2005-04-19",2,"2005-04-19",,6660903,"UIO FUH","Erman010632","Erman010632s4.tif","Erman010632s4.tif"
272,,272,,2,"2005-04-19",2,"2005-04-19",,6660935,"UIO FUH","Erman061131","Erman061131s4.tif","Erman061131s4.tif"
273,,273,,2,"2005-04-19",2,"2005-04-19",,6660967,"UIO FUH","Erman021130","Erman021130s4.tif","Erman021130s4.tif"
274,,274,,2,"2005-04-19",2,"2005-04-19",,6660999,"UIO FUH","Erman290530","Erman290530s2.tif","Erman290530s2.tif"
275,,275,,2,"2005-04-19",2,"2005-04-19",,6661015,"UIO FUH","Erman210429","Erman210429s4.tif","Erman210429s4.tif"
276,,276,,2,"2005-04-19",2,"2005-04-19",,6661047,"UIO FUH","Erman180828","Erman180828s1.tif","Erman180828s1.tif"
277,,277,,2,"2005-04-19",2,"2005-04-19",,6661073,"UIO FUH","Ermannxxxxxx","Ermanxxxxxxs2.tif","Ermanxxxxxxs2.tif"
278,,278,,2,"2005-04-19",2,"2005-04-19",,6661107,"UIO FUH","Ermanxxxxxx_2","Ermanxxxxs4.tif","Ermanxxxxs4.tif"
279,,279,,2,"2005-04-19",2,"2005-04-19",,6661147,"UIO FUH","Erman070729","Erman070729s8.tif","Erman070729s8.tif"
280,,280,,2,"2005-04-19",2,"2005-04-19",,6661211,"UIO FUH","Ermanxxxxxx_3","Ermanxxxxxxs3.tif","Ermanxxxxxxs3.tif"
281,,281,,2,"2005-04-19",2,"2005-04-19",,6661243,"UIO FUH","Erman080229","Erman080229s1.tif","Erman080229s1.tif"
282,,282,,2,"2005-04-19",2,"2005-04-19",,6661259,"UIO FUH","Ermanxxxxxx_4","Ermansenxxxxxxs1.tif","Ermansenxxxxxxs1.tif"
283,,283,,2,"2005-04-19",2,"2005-04-19",,6661267,"UIO FUH","Ermanxxxxxx_5","Ermanxxxxxxs5.tif","Ermanxxxxxxs5.tif"
284,,284,,2,"2005-04-19",2,"2005-04-19",,6661315,"UIO FUH","Erman040828","Erman040828s3d2.tif","Erman040828s3d2.tif"
285,,285,,2,"2005-04-20",2,"2005-04-20",,6661399,"UIO FUH","Erman100628","Erman100628s4.tif","Erman100628s4.tif"
286,,286,,2,"2005-04-20",2,"2005-04-20",,6661431,"UIO FUH","Erman210228","Erman210228s1.tif","Erman210228s1.tif"
287,,287,,2,"2005-04-20",2,"2005-04-20",,6661439,"UIO FUH","Erman250528","Erman240528s2.tif","Erman240528s2.tif"
288,,288,,2,"2005-04-20",2,"2005-04-20",,6661455,"UIO FUH","Erman290827","Erman290827s3.tif","Erman290827s3.tif"
289,,289,,2,"2005-04-20",2,"2005-04-20",,6661487,"UIO FUH","Erichsen130327","Erichsen130327s3.tif","Erichsen130327s3.tif"
290,,290,,2,"2005-04-20",2,"2005-04-20",,6661519,"UIO FUH","Erichsen120626","Erichsen120626f.tif","Erichsen120626f.tif"
291,,291,,2,"2005-04-20",2,"2005-04-20",,6661535,"UIO FUH","Erichsen230326","Erichsen230326s3.tif","Erichsen230326s3.tif"
292,,292,,2,"2005-04-14",2,"2005-04-14",,6661567,"UIO FUH","Erichse270423","Erichsen270423s3.tif","Erichsen270423s3.tif"
293,,293,,2,"2005-04-14",2,"2005-04-14",,6661599,"UIO FUH","Erichse101222","Erichsen101222s3.tif","Erichsen101222s3.tif"
294,,294,,2,"2005-04-20",2,"2005-04-20",,6661631,"UIO FUH","Edlund170563","Edlund170563s3.tif","Edlund170563s3.tif"
295,,295,,2,"2005-04-20",2,"2005-04-20",,6661655,"UIO FUH","Everlöf290953","Everlöf290953s3.tif","Everlöf290953s3.tif"
296,,296,,2,"2005-04-20",2,"2005-04-20",,6661711,"UIO FUH","Engelha040155","Engelhart040155v1s2.tif","Engelhart040155v1s2.tif"
297,,297,,2,"2005-04-20",2,"2005-04-20",,6661743,"UIO FUH","Englund200347","Englund200347s1.tif","Englund200347s1.tif"
298,,298,,2,"2005-04-20",2,"2005-04-20",,6661751,"UIO FUH","Esendorpxxxxxx","Esendorps4.tif","Esendorps4.tif"
299,,299,,2,"2005-04-20",2,"2005-04-20",,6661783,"UIO FUH","Evense151040","Evensen151040s2.tif","Evensen151040s2.tif"
300,,300,,2,"2005-04-20",2,"2005-04-20",,6661807,"UIO FUH","Evense071240","Evensen071240s2.tif","Evensen071240s2.tif"
301,,301,,2,"2005-04-20",2,"2005-04-20",,6661831,"UIO FUH","Sæland190232","Sæland190232s1.tif","Sæland190232s1.tif"
302,,302,,2,"2005-04-20",2,"2005-04-20",,6661839,"UIO FUH","Farrada200444","Farraday200444s1.tif","Farraday200444s1.tif"
303,,303,,2,"2005-04-20",2,"2005-04-20",,6661855,"UIO FUH","Farrada161257","Farraday161257s2.tif","Farraday161257s2.tif"
304,,304,,2,"2005-04-21",2,"2005-04-21",,6662931,"UIO FUH","Farada161257","Farady161257s3.tif","Farady161257s3.tif"
305,,305,,2,"2005-04-21",2,"2005-04-21",,6662955,"UIO FUH","Fiandt241029","Fiandt241029s1.tif","Fiandt241029s1.tif"
306,,306,,2,"2005-04-21",2,"2005-04-21",,6662971,"UIO FUH","Fiandt201129","Fiandt201129s3.tif","Fiandt201129s3.tif"
307,,307,,2,"2005-04-21",2,"2005-04-21",,6662995,"UIO FUH","Fiandt300929","Fiandt300929s4.tif","Fiandt300929s4.tif"
308,,308,,2,"2005-04-21",2,"2005-04-21",,6663027,"UIO FUH","Fiandt140829","Fiandt140829s2.tif","Fiandt140829s2.tif"
309,,309,,2,"2005-04-21",2,"2005-04-21",,6663043,"UIO FUH","Fiandt070329","Fiandt070329s3.tif","Fiandt070329s3.tif"
310,,310,,2,"2005-04-21",2,"2005-04-21",,6663067,"UIO FUH","Fiandt310129","Fiandt310129s2.tif","Fiandt310129s2.tif"
311,,311,,2,"2005-04-21",2,"2005-04-21",,6663083,"UIO FUH","Focke250540","Focke250540s3.tif","Focke250540s3.tif"
312,,312,,2,"2005-04-21",2,"2005-04-21",,6663115,"UIO FUH","Fockexx0340","Fockexx0340s1.tif","Fockexx0340s1.tif"
313,,313,,2,"2005-04-21",2,"2005-04-21",,6663123,"UIO FUH","Forbes160758","Forbes160758s1.tif","Forbes160758s1.tif"
314,,314,,2,"2005-04-21",2,"2005-04-21",,6663139,"UIO FUH","Forbes021157","Forbes021157s3.tif","Forbes021157s3.tif"
315,,315,,2,"2005-04-22",2,"2005-04-22",,6663971,"UIO FUH","Forbes180258","Forbes180258s4.tif","Forbes180258s4.tif"
316,,316,,2,"2005-04-22",2,"2005-04-22",,6664003,"UIO FUH","Forbes020957","Forbes020957s5.tif","Forbes020957s5.tif"
317,,317,,2,"2005-04-22",2,"2005-04-22",,6664043,"UIO FUH","Forbes240157","Forbes240657s4.tif","Forbes240657s4.tif"
318,,318,,2,"2005-04-22",2,"2005-04-22",,6664075,"UIO FUH","Forbes120657","Forbes 120657s1.tif","Forbes 120657s1.tif"
319,,319,,2,"2005-04-22",2,"2005-04-22",,6664091,"UIO FUH","Forbes050557","Forbes050557s3.tif","Forbes050557s3.tif"
320,,320,,2,"2005-04-22",2,"2005-04-22",,6664123,"UIO FUH","Forbes170245","Forbes170245s1.tif","Forbes170245s1.tif"
321,,321,,2,"2005-04-22",2,"2005-04-22",,6664139,"UIO FUH","Forbes130332","Forbes130332s5.tif","Forbes130332s5.tif"
322,,322,,2,"2005-04-22",2,"2005-04-22",,6664187,"UIO FUH","Forbes270343","Forbes270343s3.tif","Forbes270343s3.tif"
323,,323,,2,"2005-04-22",2,"2005-04-22",,6664219,"UIO FUH","Forchha010263","Forchhammer010263s1.tif","Forchhammer010263s1.tif"
324,,324,,2,"2005-04-22",2,"2005-04-22",,6664227,"UIO FUH","Forchha030165","Forchhammer030165s2.tif","Forchhammer030165s2.tif"
325,,325,,2,"2005-04-22",2,"2005-04-22",,6664243,"UIO FUH","Forchha280163","Forchhammer280163s6.tif","Forchhammer280163s6.tif"
326,,326,,2,"2005-04-22",2,"2005-04-22",,6664291,"UIO FUH","Forchha160362","Forchhammr160362s2.tif","Forchhammr160362s2.tif"
327,,327,,2,"2005-04-22",2,"2005-04-22",,6664315,"UIO FUH","Forchha210661","Forchhammer210661v1.tif","Forchhammer210661v1.tif"
328,,328,,2,"2005-04-22",2,"2005-04-22",,6664339,"UIO FUH","Forchha100660","Forchhammer100660s2.tif","Forchhammer100660s2.tif"
329,,329,,2,"2005-04-22",2,"2005-04-22",,6664355,"UIO FUH","Forchha090560","Forchhammer090560s2.tif","Forchhammer090560s2.tif"
330,,330,,2,"2005-04-22",2,"2005-04-22",,6664371,"UIO FUH","Forchha160658","Forchhammer160658s3.tif","Forchhammer160658s3.tif"
331,,331,,2,"2005-04-25",2,"2005-04-25",,6664401,"UIO FUH","Forchha170558","Forchhammer170558s3.tif","Forchhammer170558s3.tif"
332,,332,,2,"2005-04-25",2,"2005-04-25",,6664425,"UIO FUH","Forchha030257","Forchhammer030257s2.tif","Forchhammer030257s2.tif"
333,,333,,2,"2005-04-25",2,"2005-04-25",,6664441,"UIO FUH","Forchha1410xx","Forchhammer1410xxs4.tif","Forchhammer1410xxs4.tif"
334,,334,,2,"2005-04-25",2,"2005-04-25",,6664473,"UIO FUH","Forchha080753","Forchhammer08071853s1.tif","Forchhammer08071853s1.tif"
335,,335,,2,"2005-04-25",2,"2005-04-25",,6664481,"UIO FUH","Forchha280355","Forchhammer280355s3.tif","Forchhammer280355s3.tif"
336,,336,,2,"2005-04-25",2,"2005-04-25",,6664505,"UIO FUH","Forchha271155","Forchhammer271155s3.tif","Forchhammer271155s3.tif"
337,,337,,2,"2005-04-25",2,"2005-04-25",,6664529,"UIO FUH","Forchha150652","Forchhammer150652s1.tif","Forchhammer150652s1.tif"
338,,338,,2,"2005-04-25",2,"2005-04-25",,6664545,"UIO FUH","Forchha220552","Forchhammer220552s2.tif","Forchhammer220552s2.tif"
339,,339,,2,"2005-04-25",2,"2005-04-25",,6664569,"UIO FUH","Forchha140451","Forchhammer140451s2.tif","Forchhammer140451s2.tif"
340,,340,,2,"2005-04-25",2,"2005-04-25",,6664593,"UIO FUH","Flügel281151","Flügel281151s2.tif","Flügel281151s2.tif"
341,,341,,2,"2005-04-25",2,"2005-04-25",,6664617,"UIO FUH","Flügel010952","Flügel010952s3.tif","Flügel010952s3.tif"
342,,342,,2,"2005-04-25",2,"2005-04-25",,6664641,"UIO FUH","Falchm030258","Falckmann03021858s4.tif","Falckmann03021858s4.tif"
343,,343,,2,"2005-04-25",2,"2005-04-25",,6664673,"UIOFUH","Falckm150859","Falckmann150859s4.tif","Falckmann150859s4.tif"
344,,344,,2,"2005-04-25",2,"2005-04-25",,6664705,"UIO FUH","Falckm290666","Falckmann290666s3.tif","Falckmann290666s3.tif"
345,,345,,2,"2005-04-25",2,"2005-04-25",,6664735,"UIO FUH","Feldtma161124","Feldtmann161124s1.tif","Feldtmann161124s1.tif"
346,,346,,2,"2005-04-25",2,"2005-04-25",,6664751,"UIO FUH","Frapolli301146","Frapolli301146s2.tif","Frapolli301146s2.tif"
347,,347,,2,"2005-04-25",2,"2005-04-25",,6664767,"UIO FUH","Frisch181065","Frisch181065s1.tif","Frisch181065s1.tif"
348,,348,,2,"2005-04-25",2,"2005-04-25",,6664775,"UIO FUH","Frisch311065","Frisch311065s1.tif","Frisch311065s1.tif"
349,,349,,2,"2005-04-25",2,"2005-04-25",,6664783,"UIO FUH","Frisch161265","Frisch161265s1.tif","Frisch161265s1.tif"
350,,350,,2,"2005-04-25",2,"2005-04-25",,6664791,"UIO FUH","Fåhræu260663","Fåhræus260663s2.tif","Fåhræus260663s2.tif"
351,,351,,2,"2005-04-25",2,"2005-04-25",,6664815,"UIO FUH","Ferry140832","Ferry140832s3.tif","Ferry140832s3.tif"
352,,352,,2,"2005-04-25",2,"2005-04-25",,6664839,"UIO FUH","Ferry220133","Ferry220133s4.tif","Ferry220133s4.tif"
353,,353,,2,"2005-04-25",2,"2005-04-25",,6664877,"UIO FUH","Ferry101034","Ferry101034s2.tif","Ferry101034s2.tif"
354,,354,,2,"2005-04-26",2,"2005-04-26",,6665009,"UIO FUH","Fearnle170262","Fearnley170262v2s1.tif","Fearnley170262v2s1.tif"
355,,355,,2,"2005-04-26",2,"2005-04-26",,6665055,"UIO FUH","Fehr240860","Fehr's Enke240860s1.tif","Fehr's Enke240860s1.tif"
356,,356,,2,"2005-04-26",2,"2005-04-26",,6665077,"UIO FUH","Foss101046","Foss101046s2.tif","Foss101046s2.tif"
357,,357,,2,"2005-04-26",2,"2005-04-26",,6665101,"UIO FUH","Foss311247","Foss311247s2.tif","Foss311247s2.tif"
358,,358,,2,"2005-04-26",2,"2005-04-26",,6665117,"UIO FUH","Fuss220140","Fuss220140s1.tif","Fuss220140s1.tif"
359,,359,,2,"2005-04-26",2,"2005-04-26",,6665157,"UIO FUH","Fleming130442","Fleming130442s3.tif","Fleming130442s3.tif"
360,,360,,2,"2005-04-26",2,"2005-04-26",,6665271,"UIO FUH","Flod0406xx","Flod0406xxs1.tif","Flod0406xxs1.tif"
361,,361,,2,"2005-04-26",2,"2005-04-26",,6665287,"UIO FUH","Furrbye271016","Furrbye271016s2.tif","Furrbye271016s2.tif"
362,,362,,2,"2005-04-27",2,"2005-04-27",,6665311,"UIO FUH","Fogtma200225","Fogtmann200225s2.tif","Fogtmann200225s2.tif"
363,,363,,2,"2005-04-27",2,"2005-04-27",,6665335,"UIO FUH","FitzRoy171061","Fitz Roy171061s1.tif","Fitz Roy171061s1.tif"
364,,364,,2,"2005-04-27",2,"2005-04-27",,6665351,"UIO FUH","Foerster270663","Foerster220663v1.tif","Foerster220663v1.tif"
365,,365,,2,"2005-04-27",2,"2005-04-27",,6665367,"UIO FUH","Farinxxxxxx","Farinxxxxxxs1.tif","Farinxxxxxxs1.tif"
366,,366,,2,"2005-04-27",2,"2005-04-27",,6665383,"UIO FUH","Fabrie051039","Fabrie051039s1.tif","Fabrie051039s1.tif"
367,,367,,2,"2005-04-27",2,"2005-04-27",,6665399,"UIO FUH","Fuhr070557","Fuhr070557s2.tif","Fuhr070557s2.tif"
368,,368,,2,"2005-04-27",2,"2005-04-27",,6665423,"UIO FUH","Friess060330","Friess060330s1.tif","Friess060330s1.tif"
369,,369,,2,"2005-04-27",2,"2005-04-27",,6665431,"UIO FUH","Fries171256","Fries171256s1d2.tif","Fries171256s1d2.tif"
370,,370,,2,"2005-04-27",2,"2005-04-27",,6665465,"UIO FUH","Fries311264","Fries311264s2.tif","Fries311264s2.tif"
373,,373,,2,"2005-04-27",2,"2005-04-27",,6665499,"UIO FUH","Fries250566","Fries250566s2.tif","Fries250566s2.tif"
374,,374,,2,"2005-04-27",2,"2005-04-27",,6665581,"UIO FUH","Galle260140","Galle260140s1.tif","Galle260140s1.tif"
375,,375,,2,"2005-04-27",2,"2005-04-27",,6665609,"UIO FUH","Galle110265","Galle110265s2.tif","Galle110265s2.tif"
376,,376,,2,"2005-04-27",2,"2005-04-27",,6665639,"UIO FUH","Gibson180660","Gibson180660s1.tif","Gibson180660s1.tif"
377,,377,,2,"2005-04-27",2,"2005-04-27",,6665659,"UIO FUH","Geelmu241142","Geelmuyden241142s1.tif","Geelmuyden241142s1.tif"
378,,378,,2,"2005-04-27",2,"2005-04-27",,6665693,"UIO FUH","Geelmu161250","Geelmuyden161250s2.tif","Geelmuyden161250s2.tif"
379,,379,,2,"2005-04-27",2,"2005-04-27",,6665827,"UIO FUH","Geelmu150151","Geelmuyden150151s1.tif","Geelmuyden150151s1.tif"
380,,380,,2,"2005-04-27",2,"2005-04-27",,6665865,"UIO FUH","Gelmuxxxxxx","Geelmuydenxxxxxxs3.tif","Geelmuydenxxxxxxs3.tif"
381,,381,,2,"2005-04-27",2,"2005-04-27",,6665897,"UIO FUH","Geelmu010157","Geelmuyden010157s2.tif","Geelmuyden010157s2.tif"
382,,382,,2,"2005-04-27",2,"2005-04-27",,6665919,"UIO FUH","Glasena010856","Glasenapp010856v1.tif","Glasenapp010856v1.tif"
383,,383,,2,"2005-04-27",2,"2005-04-27",,6665955,"UIO FUH","Greiner020848","Greiner020848v1.tif","Greiner020848v1.tif"
384,,384,,2,"2005-04-27",2,"2005-04-27",,6665999,"UIO FUH","Gaimard021238","Gaimard021238s1.tif","Gaimard021238s1.tif"
385,,385,,2,"2005-04-27",2,"2005-04-27",,6666013,"UIO FUH","Gaimard280839","Gaimard280839v1.tif","Gaimard280839v1.tif"
386,,386,,2,"2005-04-27",2,"2005-04-27",,6666061,"UIO FUH","Goldsch041139","Goldschmidt041139s2.tif","Goldschmidt041139s2.tif"
387,,387,,2,"2005-04-27",2,"2005-04-27",,6666085,"UIO FUH","Goldsch160542","Goldschmidt160542s3.tif","Goldschmidt160542s3.tif"
388,,388,,2,"2005-04-28",2,"2005-04-28",,6666183,"UIO FUH","Goldsch240642","Goldschmidt240642s2.tif","Goldschmidt240642s2.tif"
389,,389,,2,"2005-04-28",2,"2005-04-28",,6666217,"UIO FUH","Goldsch030643","Goldschmidt030643s4.tif","Goldschmidt030643s4.tif"
390,,390,,2,"2005-04-28",2,"2005-04-28",,6666319,"UIO FUH","Goldsch140843","Goldschmidt140843s3.tif","Goldschmidt140843s3.tif"
391,,391,,2,"2005-04-28",2,"2005-04-28",,6666369,"UIO FUH","Goldsch050943","Goldschmidt050943s2.tif","Goldschmidt050943s2.tif"
392,,392,,2,"2005-04-28",2,"2005-04-28",,6666399,"UIO FUH","Goldsch291043","Goldschmidt291043s3.tif","Goldschmidt291043s3.tif"
393,,393,,2,"2005-04-28",2,"2005-04-28",,6666603,"UIO FUH","Goldsch300144","Goldschmidt300144s4.tif","Goldschmidt300144s4.tif"
394,,394,,2,"2005-04-28",2,"2005-04-28",,6666671,"UIO FUH","Goldsch250344","Goldschmidt250344s3.tif","Goldschmidt250344s3.tif"
395,,395,,2,"2005-04-28",2,"2005-04-28",,6666745,"UIO FUH","Goldsch310544","Goldschmidt310544s5.tif","Goldschmidt310544s5.tif"
396,,396,,2,"2005-04-28",2,"2005-04-28",,6666947,"UIO FUH","Goldsch040646","Goldschmidt040646s3.tif","Goldschmidt040646s3.tif"
397,,397,,2,"2005-04-28",2,"2005-04-28",,6667055,"UIO FUH","Grieseb140942","Griesebach140942s1.tif","Griesebach140942s1.tif"
399,,399,,2,"2005-04-28",2,"2005-04-28",,6667131,"UIO FUH","Gutkæs300341","Gutkæs300341s1.tif","Gutkæs300341s1.tif"
400,,400,,2,"2005-04-28",2,"2005-04-28",,6667147,"UIO FUH","Graah130932","Graahs1.tif","Graahs1.tif"
401,,401,,2,"2005-04-28",2,"2005-04-28",,6667163,"UIO FUH","Gasman280221","Gasmann280221s2.tif","Gasmann280221s2.tif"
402,,402,,2,"2005-04-29",2,"2005-04-29",,6667539,"UIO FUH","Gasse230533","Gasse230533s2.tif","Gasse230533s2.tif"
403,,403,,2,"2005-04-29",2,"2005-04-29",,6667571,"UIO FUH","Graham250847","Graham250847s1.tif","Graham250847s1.tif"
404,,404,,2,"2005-04-29",2,"2005-04-29",,6667591,"UIO FUH","Galton270465","Galton270465s1.tif","Galton270465s1.tif"
405,,405,,2,"2005-04-29",2,"2005-04-29",,6667607,"UIO FUH","Galton051161","Galton051161s3.tif","Galton051161s3.tif"
406,,406,,2,"2005-04-29",2,"2005-04-29",,6667631,"UIO FUH","Galtonxx0466","Galtonxx0466s1.tif","Galtonxx0466s1.tif"
407,,407,,2,"2005-04-29",2,"2005-04-29",,6667647,"UIO FUH","Galton240162","Galton240162s2.tif","Galton240162s2.tif"
408,,408,,2,"2005-04-29",2,"2005-04-29",,6667663,"UIO FUH","Gørbitz110352","Gørbitz110352s1.tif","Gørbitz110352s1.tif"
409,,409,,2,"2005-04-29",2,"2005-04-29",,6667679,"UIO FUH","Grosch190727","Grosch190727s2.tif","Grosch190727s2.tif"
410,,410,,2,"2005-04-29",2,"2005-04-29",,6667703,"UIO FUH","Grosch121043","Grosch121043s3.tif","Grosch121043s3.tif"
411,,411,,2,"2005-04-29",2,"2005-04-29",,6667727,"UIO FUH","Gribethxxxxxx","Gribethxxxxxxs2.tif","Gribethxxxxxxs2.tif"
412,,412,,2,"2005-04-29",2,"2005-04-29",,6667753,"UIO FUH","Gjessin140663","Gjessing140663s2.tif","Gjessing140663s2.tif"
413,,413,,2,"2005-04-29",2,"2005-04-29",,6667769,"UIO FUH","Guthan220142","Guthans220142s8d2.tif","Guthans220142s8d2.tif"
414,,414,,2,"2005-04-29",2,"2005-04-29",,6667897,"UIO FUH","Guthan140252","Guthans140252s4.tif","Guthans140252s4.tif"
415,,415,,2,"2005-04-29",2,"2005-04-29",,6667929,"UIO FUH","Guthan190254","Guthns190254s1.tif","Guthns190254s1.tif"
416,,416,,2,"2005-04-29",2,"2005-04-29",,6667953,"UIO FUH","Guthan080652","Guthans080652s4.tif","Guthans080652s4.tif"
417,,417,,2,"2005-04-29",2,"2005-04-29",,6667985,"UIO FUH","Greve151260","Greve151260s1.tif","Greve151260s1.tif"
418,,418,,2,"2005-04-29",2,"2005-04-29",,6667993,"UIO FUH","Grey200751","Grey200751v1.tif","Grey200751v1.tif"
419,,419,,2,"2005-05-02",2,"2005-05-02",,6668009,"UIO FUH","Schuma190628","Schumacher190628s1.tif","Schumacher190628s1.tif"
420,,420,,2,"2005-05-02",2,"2005-05-02",,6668025,"UIO FUH","Schuma081216","Schumacher081216s3.tif","Schumacher081216s3.tif"
421,,421,,2,"2005-05-02",2,"2005-05-02",,6668049,"UIO FUH","Schuma201127","Schumacher201127s1.tif","Schumacher201127s1.tif"
422,,422,,2,"2005-05-02",2,"2005-05-02",,6668171,"UIO FUH","Schuma151015","Schumacher151015s2.tif","Schumacher151015s2.tif"
423,,423,,2,"2005-05-02",2,"2005-05-02",,6668195,"UIO FUH","Schuma121016","Schumacher121016s2.tif","Schumacher121016s2.tif"
424,,424,,2,"2005-05-02",2,"2005-05-02",,6668255,"UIO FUH","Schuma160217","Schumacher160217s2.tif","Schumacher160217s2.tif"
425,,425,,2,"2005-05-02",2,"2005-05-02",,6668309,"UIO FUH","Schuma200417","Schumacher200417s1.tif","Schumacher200417s1.tif"
426,,426,,2,"2005-05-02",2,"2005-05-02",,6668343,"UIO FUH","Schuma141216","Schumacher141216s2.tif","Schumacher141216s2.tif"
427,,427,,2,"2005-05-02",2,"2005-05-02",,6668431,"UIO FUH","Schuma231018","Schumacher231018s1.tif","Schumacher231018s1.tif"
428,,428,,2,"2005-05-02",2,"2005-05-02",,6668483,"UIO FUH","Schuma190621","Schumacher190621s2.tif","Schumacher190621s2.tif"
429,,429,,2,"2005-05-02",2,"2005-05-02",,6668513,"UIO FUH","Schuma151021","Schumacher151021s1.tif","Schumacher151021s1.tif"
430,,430,,2,"2005-05-02",2,"2005-05-02",,6669617,"UIO FUH","Schuma281221","Schumacher281221s1.tif","Schumacher281221s1.tif"
431,,431,,2,"2005-05-02",2,"2005-05-02",,6669903,"UIO FUH","Schuma080122","Schumacher080122s1.tif","Schumacher080122s1.tif"
432,,432,,2,"2005-05-02",2,"2005-05-02",,6670362,"UIO FUH","Schuma260222","Schumacher260222s1.tif","Schumacher260222s1.tif"
433,,433,,2,"2005-05-02",2,"2005-05-02",,6670743,"UIO FUH","Schuma250622","Schumacher250622s1.tif","Schumacher250622s1.tif"
434,,434,,2,"2005-05-02",2,"2005-05-02",,6670771,"UIO FUH","Schuma250422","Schumacher250422s1.tif","Schumacher250422s1.tif"
435,,435,,2,"2005-05-02",2,"2005-05-02",,6670803,"UIO FUH","Schuma060822","Schumacher060822s1.tif","Schumacher060822s1.tif"
436,,436,,2,"2005-05-02",2,"2005-05-02",,6670861,"UIO FUH","Schuma011022","Schumacher011022s1.tif","Schumacher011022s1.tif"
437,,437,,2,"2005-05-02",2,"2005-05-02",,6670890,"UIO FOH","Schuma091122","Schumacher091122s1.tif","Schumacher091122s1.tif"
438,,438,,2,"2005-05-03",2,"2005-05-03",,6672432,"UIO FUH","Schuma181122","Schumacher181122s1.tif","Schumacher181122s1.tif"
439,,439,,2,"2005-05-03",2,"2005-05-03",,6672794,"UIO FUH","Schuma121222","Schumacher121222s3.tif","Schumacher121222s3.tif"
440,,440,,2,"2005-05-03",2,"2005-05-03",,6672841,"UIO FUH","Schuma200123","Schumacher200123s1.tif","Schumacher200123s1.tif"
441,,441,,2,"2005-05-03",2,"2005-05-03",,6672869,"UIO FUH","Schuma280223","Schumacher280223s2.tif","Schumacher280223s2.tif"
442,,442,,2,"2005-05-03",2,"2005-05-03",,6672903,"UIO FUH","Schuma200523","Schumacher200523s1.tif","Schumacher200523s1.tif"
443,,443,,2,"2005-05-03",2,"2005-05-03",,6672931,"UIO FUH","Schuma270424","Schumacher270424s1.tif","Schumacher270424s1.tif"
444,,444,,2,"2005-05-03",2,"2005-05-03",,6672947,"UIO FUH","Schuma020824","Schumacher020824s1.tif","Schumacher020824s1.tif"
445,,445,,2,"2005-05-03",2,"2005-05-03",,6672969,"UIO FUH","Schuma140924","Schumacher140924s1.tif","Schumacher140924s1.tif"
446,,446,,2,"2005-05-03",2,"2005-05-03",,6673626,"UIO FUH","Schuma080425","Schumacher080425s1.tif","Schumacher080425s1.tif"
447,,447,,2,"2005-05-03",2,"2005-05-03",,6673660,"UIO FUH","Schuma150525","Schumacher150525s1.tif","Schumacher150525s1.tif"
448,,448,,2,"2005-05-03",2,"2005-05-03",,6673694,"UIO FUH","Schuma160525","Schumacher160525s1.tif","Schumacher160525s1.tif"
449,,449,,2,"2005-05-03",2,"2005-05-03",,6673722,"UIO FUH","Schuma250525","Schumacher250525s1.tif","Schumacher250525s1.tif"
450,,450,,2,"2005-05-03",2,"2005-05-03",,6673762,"UIO FUH","Schuma310525","Schumacher310525s2.tif","Schumacher310525s2.tif"
451,,451,,2,"2005-05-03",2,"2005-05-03",,6673802,"UIO FUH","Schuma011125","Schumacher011125s3.tif","Schumacher011125s3.tif"
452,,452,,2,"2005-05-03",2,"2005-05-03",,6674111,"UIO FUH","Schuma260126","Schumacher260126s1.tif","Schumacher260126s1.tif"
453,,453,,2,"2005-05-03",2,"2005-05-03",,6674133,"UIO FUH","Schuma3001226","Schumacher300126s1.tif","Schumacher300126s1.tif"
454,,454,,2,"2005-05-03",2,"2005-05-03",,6674161,"UIO FUH","Schumaxxxxxx","Schumacherxxxxxxs1.tif","Schumacherxxxxxxs1.tif"
455,,455,,2,"2005-05-03",2,"2005-05-03",,6674323,"UIO FUH","Schuma160326","Schumacher160326s1.tif","Schumacher160326s1.tif"
456,,456,,2,"2005-05-03",2,"2005-05-03",,6674776,"UIO FUH","Schuma300326","Schumacher300326s2.tif","Schumacher300326s2.tif"
457,,457,,2,"2005-05-03",2,"2005-05-03",,6675301,"UIO FUH","Schuma020626","Schumacher020626s2.tif","Schumacher020626s2.tif"
458,,458,,2,"2005-05-03",2,"2005-05-03",,6675605,"UIO FUH","Schuma160626","Schumacher160626s1.tif","Schumacher160626s1.tif"
459,,459,,2,"2005-05-03",2,"2005-05-03",,6675965,"UIO FUH","Schuma200626","Schumacher200626s1.tif","Schumacher200626s1.tif"
460,,460,,2,"2005-05-03",2,"2005-05-03",,6675987,"UIO FOH","Schuma130826","Schumacher130826s1.tif","Schumacher130826s1.tif"
461,,461,,2,"2005-05-09",2,"2005-05-09",,6681089,"UIO FUH","Schuma191026","Schumacher191026s1.tif","Schumacher191026s1.tif"
462,,462,,2,"2005-05-09",2,"2005-05-09",,6681103,"UIO FUH","Schuma291226","Schumacher291226s2.tif","Schumacher291226s2.tif"
463,,463,,2,"2005-05-09",2,"2005-05-09",,6681229,"UIO FUH","Schuma090127","Schumacher090127f.tif","Schumacher090127f.tif"
464,,464,,2,"2005-05-09",2,"2005-05-09",,6681257,"UIO FUH","Schuma260127","Schumacher260127s1.tif","Schumacher260127s1.tif"
465,,465,,2,"2005-05-09",2,"2005-05-09",,6681277,"UIO FUH","Schuma230323","Schumacher230323s1.tif","Schumacher230323s1.tif"
466,,466,,2,"2005-05-09",2,"2005-05-09",,6681523,"UIO FUH","Schuma050727","Schumacher050727s1.tif","Schumacher050727s1.tif"
467,,467,,2,"2005-05-09",2,"2005-05-09",,6681551,"UIO FUH","Schuma030827","Schumacher030827s1.tif","Schumacher030827s1.tif"
468,,468,,2,"2005-05-09",2,"2005-05-09",,6681573,"UIO FUH","Schuma140827","Schumacher140827s1.tif","Schumacher140827s1.tif"
469,,469,,2,"2005-05-09",2,"2005-05-09",,6681678,"UIO FUH","Schuma161127","Schumacher161127s2.tif","Schumacher161127s2.tif"
470,,470,,2,"2005-05-09",2,"2005-05-09",,6681748,"UIO FUH","Schuma101227","Schumacher101227v2.tif","Schumacher101227v2.tif"
471,,471,,2,"2005-05-09",2,"2005-05-09",,6681786,"UIO FUH","Schuma050228","Schumacher05021828s1.tif","Schumacher05021828s1.tif"
472,,472,,2,"2005-05-09",2,"2005-05-09",,6681814,"UIO FUH","Schuma210328","Schumacher210328s1.tif","Schumacher210328s1.tif"
473,,473,,2,"2005-05-09",2,"2005-05-09",,6681842,"UIO FUH","Schuma010428","Schumacher010428s1.tif","Schumacher010428s1.tif"
474,,474,,2,"2005-05-09",2,"2005-05-09",,6681858,"UIO FUH","Schuma040428","Schumacher040428s1.tif","Schumacher040428s1.tif"
475,,475,,2,"2005-05-09",2,"2005-05-09",,6681874,"UIO FUH","Schuma110428","Schumacher110428s1.tif","Schumacher110428s1.tif"
476,,476,,2,"2005-05-09",2,"2005-05-09",,6681896,"UIO FUH","Schuma220628","Schumacher220628s1.tif","Schumacher220628s1.tif"
477,,477,,2,"2005-05-10",2,"2005-05-10",,6696879,"UIO FUH","Schuma010828","Schumacher010828s2.tif","Schumacher010828s2.tif"
478,,478,,2,"2005-05-10",2,"2005-05-10",,6696921,"UIO FUH","Schuma120131","Schumacher120131s2.tif","Schumacher120131s2.tif"
479,,479,,2,"2005-05-10",2,"2005-05-10",,6696985,"UIO FUH","Schuma150331","Schumacher150331v1s4.tif","Schumacher150331v1s4.tif"
480,,480,,2,"2005-05-10",2,"2005-05-10",,6697085,"UIO FUH","Schuma050531","Schumacher050531s1.tif","Schumacher050531s1.tif"
481,,481,,2,"2005-05-10",2,"2005-05-10",,6697107,"UIO FUH","Schuma270631","Schumacher270631s2.tif","Schumacher270631s2.tif"
482,,482,,2,"2005-05-10",2,"2005-05-10",,6697149,"UIO FUH","Schuma060332","Schumcher060332s1.tif","Schumcher060332s1.tif"
483,,483,,2,"2005-05-10",2,"2005-05-10",,6697171,"UIO FUH","Schuma280533","Schumacher280533s1.tif","Schumacher280533s1.tif"
484,,484,,2,"2005-05-10",2,"2005-05-10",,6697191,"UIO FUH","Schuma171134","Schumacher171134s2.tif","Schumacher171134s2.tif"
485,,485,,2,"2005-05-10",2,"2005-05-10",,6697221,"UIO FUH","Schuma100435","Schumacher100435s1.tif","Schumacher100435s1.tif"
486,,486,,2,"2005-05-10",2,"2005-05-10",,6697614,"UIO FUH","Schuma250835","Schumacher250835s1.tif","Schumacher250835s1.tif"
487,,487,,2,"2005-05-10",2,"2005-05-10",,6697720,"UIO FUH","Schuma280835","Schumacher280835s1.tif","Schumacher280835s1.tif"
488,,488,,2,"2005-05-10",2,"2005-05-10",,6697754,"UIO FUH","Schuma261237","Schumacher261237s2.tif","Schumacher261237s2.tif"
489,,489,,2,"2005-05-10",2,"2005-05-10",,6697796,"UIO FUH","Schuma150138","Schumacher150138s2.tif","Schumacher150138s2.tif"
490,,490,,2,"2005-05-10",2,"2005-05-10",,6697824,"UIO FUH","Schuma060638","Schumacher060638s1.tif","Schumacher060638s1.tif"
491,,491,,2,"2005-05-10",2,"2005-05-10",,6697839,"UIO FUH","Schuma290639","Schumacher290639s1.tif","Schumacher290639s1.tif"
492,,492,,2,"2005-05-10",2,"2005-05-10",,6697867,"UIO FUH","Schuma090839","Schumacher090839s1.tif","Schumacher090839s1.tif"
494,,494,,2,"2005-05-11",2,"2005-05-11",,6712964,"UIO FUH","Schumaxxxx42","Schumacherxxxx42s4d1.tif","Schumacherxxxx42s4d1.tif"
495,,495,,2,"2005-05-11",2,"2005-05-11",,6713050,"UIO FUH","Schuma170242","Schumacher170242s2.tif","Schumacher170242s2.tif"
496,,496,,2,"2005-05-11",2,"2005-05-11",,6713114,"UIO FUH","Schuma180342","Schumacher180342s1.tif","Schumacher180342s1.tif"
497,,497,,2,"2005-05-11",2,"2005-05-11",,6713130,"UIO FUH","Schuma170644","Schumacher170644s3.tif","Schumacher170644s3.tif"
498,,498,,2,"2005-05-11",2,"2005-05-11",,6713162,"UIO FUH","Schuma180647","Schumacher180647s2.tif","Schumacher180647s2.tif"
499,,499,,2,"2005-05-11",2,"2005-05-11",,6713198,"UIO FUH","Schuma220647","Schumacher220647s3.tif","Schumacher220647s3.tif"
500,,500,,2,"2005-05-11",2,"2005-05-11",,6713250,"UIO FUH","Schuma050744","Schumacher050744s2.tif","Schumacher050744s2.tif"
501,,501,,2,"2005-05-11",2,"2005-05-11",,6713322,"UIO FUH","Schuma090747","Schumacher090747s1.tif","Schumacher090747s1.tif"
502,,502,,2,"2005-05-11",2,"2005-05-11",,6713330,"UIO FUH","Schuma300747","Schumacher300747s2.tif","Schumacher300747s2.tif"
503,,503,,2,"2005-05-11",2,"2005-05-11",,6713346,"UIO FUH","Schuma050847","Schumacher050847s2.tif","Schumacher050847s2.tif"
504,,504,,2,"2005-05-11",2,"2005-05-11",,6713370,"UIO FUH","Schuma060847","Schumacher060847s1.tif","Schumacher060847s1.tif"
505,,505,,2,"2005-05-11",2,"2005-05-11",,6713378,"UIO FUH","Schuma170947","Schumacher170947v2s2.tif","Schumacher170947v2s2.tif"
506,,506,,2,"2005-05-11",2,"2005-05-11",,6713444,"UIO FUH","Schuma270947","Schumacher270947s1.tif","Schumacher270947s1.tif"
507,,507,,2,"2005-05-11",2,"2005-05-11",,6713460,"UIO FUH","Schuma141147","Schumacher141147v1.tif","Schumacher141147v1.tif"
508,,508,,2,"2005-05-11",2,"2005-05-11",,6713492,"UIO FUH","Schuma140148","Schuma140148v1.tif","Schuma140148v1.tif"
509,,509,,2,"2005-05-11",2,"2005-05-11",,6713516,"UIO FUH","Donner050849","Donner050849v1.tif","Donner050849v1.tif"
510,,510,,2,"2005-05-12",2,"2005-05-12",,6716061,"UIO FUH","Sabine080825","Sabine080825s1.tif","Sabine080825s1.tif"
511,,511,,2,"2005-05-12",2,"2005-05-12",,6716070,"UIO FUH","Sabine040727","Sabine040727s4.tif","Sabine040727s4.tif"
512,,512,,2,"2005-05-12",2,"2005-05-12",,6716112,"UIO FUH","Sabine290328","Sabine290328s4.tif","Sabine290328s4.tif"
513,,513,,2,"2005-05-12",2,"2005-05-12",,6718540,"UIO FUH","Sabine080428","Sabine080428s2.tif","Sabine080428s2.tif"
514,,514,,2,"2005-05-12",2,"2005-05-12",,6718886,"UIO FUH","Sabine150528","Sabine150528s3.tif","Sabine150528s3.tif"
515,,515,,2,"2005-05-12",2,"2005-05-12",,6722214,"UIO FUH","Sabine110228","Sabine110228s8.tif","Sabine110228s8.tif"
516,,516,,2,"2005-05-13",2,"2005-05-13",,6732386,"UIO FUH","Sabine230359","Sabine230359s4.tif","Sabine230359s4.tif"
517,,517,,2,"2005-05-13",2,"2005-05-13",,6732418,"UIO FUH","Sabine101026","Sabine101026s4.tif","Sabine101026s4.tif"
518,,518,,2,"2005-05-13",2,"2005-05-13",,6732450,"UIO FUH","Sabine030226","Sabine030226s1.tif","Sabine030226s1.tif"
519,,519,,2,"2005-05-13",2,"2005-05-13",,6732482,"UIO FUH","Sabine311026","Sabine311026v1.tif","Sabine311026v1.tif"
520,,520,,2,"2005-05-13",2,"2005-05-13",,6732554,"UIO FUH","Sabine311239","Sabine311239s4.tif","Sabine311239s4.tif"
521,,521,,2,"2005-05-13",2,"2005-05-13",,6732586,"UIO FUH","Sabinexxxxxx","Sabinexxxxxxv1.tif","Sabinexxxxxxv1.tif"
522,,522,,2,"2005-05-13",2,"2005-05-13",,6732610,"UIO FUH","Sabine010836","Sabine010836s2.tif","Sabine010836s2.tif"
523,,523,,2,"2005-05-13",2,"2005-05-13",,6732642,"UIO FUH","Sabine160234","Sabine160234s7.tif","Sabine160234s7.tif"
524,,524,,2,"2005-05-13",2,"2005-05-13",,6732706,"UIO FUH","Sabine190835","Sabine190835s3.tif","Sabine190835s3.tif"
525,,525,,2,"2005-05-18",2,"2005-05-18",,6793773,"UIO FUH","Sabine080636","Sabine080636s6.tif","Sabine080636s6.tif"
526,,526,,2,"2005-05-18",2,"2005-05-18",,6793848,"UIO FUH","Sabine141136","Sabine141136s5.tif","Sabine141136s5.tif"
527,,527,,2,"2005-05-18",2,"2005-05-18",,6793897,"UIO FUH","Sabine240437","Sabine240437s2.tif","Sabine240437s2.tif"
528,,528,,2,"2005-05-18",2,"2005-05-18",,6793923,"UIO FUH","Sabine231037","Sabine231037v1s2.tif","Sabine231037v1s2.tif"
529,,529,,2,"2005-05-18",2,"2005-05-18",,6793997,"UIO FUH","Sabine121035","Sabine121035v2.tif","Sabine121035v2.tif"
530,,530,,2,"2005-05-18",2,"2005-05-18",,6794135,"UIO FUH","Sabine250638","Sabine250638s1.tif","Sabine250638s1.tif"
531,,531,,2,"2005-05-18",2,"2005-05-18",,6794151,"UIO FUH","Sabine150439","sabine150439s3.tif","sabine150439s3.tif"
532,,532,,2,"2005-05-18",2,"2005-05-18",,6794184,"UIO FUH","Sabine210140","Sabine210140s3.tif","Sabine210140s3.tif"
533,,533,,2,"2005-05-18",2,"2005-05-18",,6794322,"UIO FUH","Sabine081040","Sabine081040v1s4.tif","Sabine081040v1s4.tif"
534,,534,,2,"2005-05-18",2,"2005-05-18",,6794519,"UIO FUH","Sabine290540","Sabine290540s8.tif","Sabine290540s8.tif"
535,,535,,2,"2005-05-18",2,"2005-05-18",,6794583,"UIO FUH","Sabine050640","Sabine050640s2.tif","Sabine050640s2.tif"
536,,536,,2,"2005-05-19",2,"2005-05-19",,6795137,"UIO FUH","Sabine120640","Sabine120640s3.tif","Sabine120640s3.tif"
537,,537,,2,"2005-05-19",2,"2005-05-19",,6795181,"UIO FUH","Sabine280341","Sabine280341s3.tif","Sabine280341s3.tif"
538,,538,,2,"2005-05-19",2,"2005-05-19",,6795257,"UIO FUH","Sabine120242","Sabine120242s1.tif","Sabine120242s1.tif"
539,,539,,2,"2005-05-19",2,"2005-05-19",,6795273,"UIO FUH","Sabine010344","Sabine010344s1.tif","Sabine010344s1.tif"
540,,540,,2,"2005-05-19",2,"2005-05-19",,6795289,"UIO FUH","Sabine030244","Sabine030244s5.tif","Sabine030244s5.tif"
541,,541,,2,"2005-05-19",2,"2005-05-19",,6795349,"UIO FUH","Sabine051244","Sabine051244s3.tif","Sabine051244s3.tif"
542,,542,,2,"2005-05-19",2,"2005-05-19",,6795523,"UIO FUH","Sabine040749","Sabine040749v1.tif","Sabine040749v1.tif"
543,,543,,2,"2005-05-19",2,"2005-05-19",,6795561,"UIO FUH","Sabine230154","Sabine230154s2.tif","Sabine230154s2.tif"
544,,544,,2,"2005-05-19",2,"2005-05-19",,6795583,"UIO FUH","Sabine060554","Sabine060554s6.tif","Sabine060554s6.tif"
545,,545,,2,"2005-05-19",2,"2005-05-19",,6795667,"UIO FUH","Sabine100354","Sabine100354s8.tif","Sabine100354s8.tif"
546,,546,,2,"2005-05-19",2,"2005-05-19",,6795804,"UIO FUH","Sabine151154","Sabine151154s8.tif","Sabine151154s8.tif"
547,,547,,2,"2005-05-19",2,"2005-05-19",,6795891,"UIOFUH","Sabine120356","Sabine120356s3.tif","Sabine120356s3.tif"
548,,548,,2,"2005-05-19",2,"2005-05-19",,6795937,"UIO FUH","Sabine300756","Sabine300756s4.tif","Sabine300756s4.tif"
549,,549,,2,"2005-05-19",2,"2005-05-19",,6795979,"UIO FUH","Sabine031057","Sabine031057s4.tif","Sabine031057s4.tif"
550,,550,,2,"2005-05-19",2,"2005-05-19",,6796011,"UIO FUH","Sabine021057","Sabine021057s4.tif","Sabine021057s4.tif"
551,,551,,2,"2005-05-19",2,"2005-05-19",,6796062,"UIO FUH","Sabine130757","Sabine130757s4.tif","Sabine130757s4.tif"
552,,552,,2,"2005-05-19",2,"2005-05-19",,6796159,"UIO FUH","Sabine040757","Sabine040757s4.tif","Sabine040757s4.tif"
553,,553,,2,"2005-05-20",2,"2005-05-20",,6799249,"UIO FUH","Sabine300459","Sabine300459s8.tif","Sabine300459s8.tif"
554,,554,,2,"2005-05-20",2,"2005-05-20",,6799428,"UIO FUH","Sabine061057","Sabine061057s1.tif","Sabine061057s1.tif"
555,,555,,2,"2005-05-20",2,"2005-05-20",,6799459,"UIO FUH","Sabine291057","Sabine291057s5.tif","Sabine291057s5.tif"
556,,556,,2,"2005-05-20",2,"2005-05-20",,6799531,"UIO FUH","Sabine091157","Sabine091157s3.tif","Sabine091157s3.tif"
557,,557,,2,"2005-05-20",2,"2005-05-20",,6799567,"UIO FUH","Sabine101157","Sabine101157s2.tif","Sabine101157s2.tif"
558,,558,,2,"2005-05-20",2,"2005-05-20",,6799655,"UIO FUH","Sabine231157","Sabine231157s4.tif","Sabine231157s4.tif"
559,,559,,2,"2005-05-20",2,"2005-05-20",,6799699,"UIO FUH","Sabine190459","Sabine190459s4.tif","Sabine190459s4.tif"
560,,560,,2,"2005-05-20",2,"2005-05-20",,6799755,"UIO FUH","Sabine070160","Sabine070160s4.tif","Sabine070160s4.tif"
561,,561,,2,"2005-05-20",2,"2005-05-20",,6799859,"UIO FUH","Sabine060563","Sabine060563s4.tif","Sabine060563s4.tif"
562,,562,,2,"2005-05-20",2,"2005-05-20",,6799921,"UIO FUH","Sabine240663","Sabine240663s4.tif","Sabine240663s4.tif"
563,,563,,2,"2005-05-20",2,"2005-05-20",,6799977,"UIO FUH","Sabine221063","Sabine221063s4.tif","Sabine221063s4.tif"
564,,564,,2,"2005-05-20",2,"2005-05-20",,6800027,"UIO FUH","Sabine151164","Sabine151164s4.tif","Sabine151164s4.tif"
565,,565,,2,"2005-05-23",2,"2005-05-23",,6800743,"UIO FUH","Sabine221064","Sabine221064s6.tif","Sabine221064s6.tif"
566,,566,,2,"2005-05-23",2,"2005-05-23",,6800791,"UIO FUH","Sabine090665","Sabine090665s3.tif","Sabine090665s3.tif"
567,,567,,2,"2005-05-23",2,"2005-05-23",,6800815,"UIO FUH","Sabine190466","Sabine190466s4.tif","Sabine190466s4.tif"
568,,568,,2,"2005-05-23",2,"2005-05-23",,6800853,"UIO FUH","Smith150713","Smith150713s4.tif","Smith150713s4.tif"
569,,569,,2,"2005-05-23",2,"2005-05-23",,6801065,"UIO FUH","Sharsw140159","Sharswoods1.tif","Sharswoods1.tif"
570,,570,,2,"2005-05-23",2,"2005-05-23",,6801080,"UIO FUH","Struve130150","Struve130150s3.tif","Struve130150s3.tif"
571,,571,,2,"2005-05-23",2,"2005-05-23",,6801510,"UIO FUH","Struve120450","Struve120450s3.tif","Struve120450s3.tif"
572,,572,,2,"2005-05-23",2,"2005-05-23",,6801635,"UIO FUH","Struve210550","Struve210550s2.tif","Struve210550s2.tif"
573,,573,,2,"2005-05-23",2,"2005-05-23",,6801663,"UIO FUH","Struve060950","Struve060950s4.tif","Struve060950s4.tif"
574,,574,,2,"2005-05-23",2,"2005-05-23",,6801882,"UIO FUH","Struve040451","Struve040451s3.tif","Struve040451s3.tif"
575,,575,,2,"2005-05-23",2,"2005-05-23",,6801911,"UIO FUH","Struve190752","Struve190752s4.tif","Struve190752s4.tif"
576,,576,,2,"2005-05-23",2,"2005-05-23",,6801943,"UIO FUH","Struve030553","Struve030553s3.tif","Struve030553s3.tif"
577,,577,,2,"2005-05-23",2,"2005-05-23",,6801967,"UIO FUH","Struve210453","Struve210453s4.tif","Struve210453s4.tif"
578,,578,,2,"2005-05-23",2,"2005-05-23",,6801999,"UIO FUH","Struve040653","Struve040653s2.tif","Struve040653s2.tif"
579,,579,,2,"2005-05-23",2,"2005-05-23",,6802027,"UIO FUH","Struve250653","Struve250653s3.tif","Struve250653s3.tif"
580,,580,,2,"2005-05-24",2,"2005-05-24",,6803211,"UIO FUH","Struve140453","Struve140905s4.tif","Struve140905s4.tif"
581,,581,,2,"2005-05-24",2,"2005-05-24",,6803243,"UIO FUH","Struve091153","Struve091153s1.tif","Struve091153s1.tif"
582,,582,,2,"2005-05-24",2,"2005-05-24",,6803251,"UIO FUH","Struve210554","Struve210554s4.tif","Struve210554s4.tif"
583,,583,,2,"2005-05-24",2,"2005-05-24",,6803283,"UIO FUH","Struve290855","Struve290855s3.tif","Struve290855s3.tif"
584,,584,,2,"2005-05-24",2,"2005-05-24",,6803307,"UIO FUH","Struvexxxxxx","Struvexxxxxxs8.tif","Struvexxxxxxs8.tif"
585,,585,,2,"2005-05-24",2,"2005-05-24",,6803371,"UIO FUH","Sebald260552","Sebald260552s4.tif","Sebald260552s4.tif"
586,,586,,2,"2005-05-24",2,"2005-05-24",,6803403,"UIO FUH","Sebald311252","Sebald311252s3.tif","Sebald311252s3.tif"
587,,587,,2,"2005-05-24",2,"2005-05-24",,6803427,"UIO FUH","Sebald260353","Sebald260353s4.tif","Sebald260353s4.tif"
588,,588,,2,"2005-05-24",2,"2005-05-24",,6803459,"UIO FUH","Sebald170453","Sebald170453s4.tif","Sebald170453s4.tif"
589,,589,,2,"2005-05-24",2,"2005-05-24",,6803491,"UIO FUH","Sebald270653","Sebald270653s3.tif","Sebald270653s3.tif"
590,,590,,2,"2005-05-24",2,"2005-05-24",,6803515,"UIO FUH","Sebald111253","Sebald111253s3.tif","Sebald111253s3.tif"
591,,591,,2,"2005-05-25",2,"2005-05-25",,6804809,"UIO FUH","Sebald140354","Sebald140354s3.tif","Sebald140354s3.tif"
592,,592,,2,"2005-05-25",2,"2005-05-25",,6804833,"UIO FUH","Sebald081054","Sebald081054s2.tif","Sebald081054s2.tif"
593,,593,,2,"2005-05-25",2,"2005-05-25",,6804849,"UIO FUH","Sebald111154","Sebald 111154s2.tif","Sebald 111154s2.tif"
594,,594,,2,"2005-05-25",2,"2005-05-25",,6804865,"UIO FUH","Sebald301254","Sebald 301254s3.tif","Sebald 301254s3.tif"
595,,595,,2,"2005-05-25",2,"2005-05-25",,6804909,"UIO FUH","Sebald280255","Seebald280255s4.tif","Seebald280255s4.tif"
596,,596,,2,"2005-05-25",2,"2005-05-25",,6804941,"UIO FUH","Sebald301255","Sebald301255s4.tif","Sebald301255s4.tif"
597,,597,,2,"2005-05-25",2,"2005-05-25",,6804973,"UIO FUH","Sebald130856","Sebald130856s4.tif","Sebald130856s4.tif"
598,,598,,2,"2005-05-25",2,"2005-05-25",,6805005,"UIO FUH","Sebald280957","Sebald280957s3.tif","Sebald280957s3.tif"
599,,599,,2,"2005-05-25",2,"2005-05-25",,6805029,"UIO FUH","Sebald010859","Sebald010859s5.tif","Sebald010859s5.tif"
600,,600,,2,"2005-05-25",2,"2005-05-25",,6805069,"UIO FUH","Sebald120660","Sebald120660s2.tif","Sebald120660s2.tif"
601,,601,,2,"2005-05-25",2,"2005-05-25",,6805085,"UIO FUH","Schmidtxxxx46","Schmidtxxxx46s1d2.tif","Schmidtxxxx46s1d2.tif"
602,,602,,2,"2005-05-25",2,"2005-05-25",,6805101,"UIO FUH","Schmidt240246","Schmidt240246s3.tif","Schmidt240246s3.tif"
603,,603,,2,"2005-05-25",2,"2005-05-25",,6805133,"UIO FUH","Schmidt040746","Schmidt040746s2.tif","Schmidt040746s2.tif"
604,,604,,2,"2005-05-25",2,"2005-05-25",,6805157,"UIO FUH","Schmidt030847","Schmidt030847s1.tif","Schmidt030847s1.tif"
605,,605,,2,"2005-05-25",2,"2005-05-25",,6805165,"UIO FUH","Schmidt260855","Schmidt260855v1s3.tif","Schmidt260855v1s3.tif"
606,,606,,2,"2005-05-25",2,"2005-05-25",,6805245,"UIO FUH","Schmidt240252","Schmidt240252v1s2.tif","Schmidt240252v1s2.tif"
607,,607,,2,"2005-05-26",2,"2005-05-26",,6806505,"UIO FUH","Scheererxxxxxx","Scheererxxxxxxs4.tif","Scheererxxxxxxs4.tif"
608,,608,,2,"2005-05-26",2,"2005-05-26",,6806581,"UIO FUH","Scheere041050","Scheerer041050s5.tif","Scheerer041050s5.tif"
609,,609,,2,"2005-05-26",2,"2005-05-26",,6806629,"UIO FUH","Scheer020851","Scheerer020851s3.tif","Scheerer020851s3.tif"
610,,610,,2,"2005-05-26",2,"2005-05-26",,6806661,"UIO FUH","Strecker230651","Strecker230651s5.tif","Strecker230651s5.tif"
611,,611,,2,"2005-05-26",2,"2005-05-26",,6806701,"UIO FUH","Strecker150451","Strecker150441s4.tif","Strecker150441s4.tif"
612,,612,,2,"2005-05-26",2,"2005-05-26",,6806733,"UIO FUH","Sommer011033_1","Sommerfeldta011033s3.tif","Sommerfeldta011033s3.tif"
613,,613,,2,"2005-05-26",2,"2005-05-26",,6806765,"UIO FUH","Sommer011033_2","Sommerfeldtb011033s2.tif","Sommerfeldtb011033s2.tif"
614,,614,,2,"2005-05-26",2,"2005-05-26",,6806789,"UIO FUH","Seehus301032","Seehusen301032s2.tif","Seehusen301032s2.tif"
615,,615,,2,"2005-05-26",2,"2005-05-26",,6806805,"UIO FUH","Skaar220448","Skaar220448s3.tif","Skaar220448s3.tif"
616,,616,,2,"2005-05-26",2,"2005-05-26",,6806837,"UIO FUH","Steffens220520","Steffens220520s2.tif","Steffens220520s2.tif"
617,,617,,2,"2005-05-26",2,"2005-05-26",,6806853,"UIO FUH","Scott150267","Scott150267v1.tif","Scott150267v1.tif"
618,,618,,2,"2005-05-26",2,"2005-05-26",,6806877,"UIO FUH","Sibbern100355","Sibbern100355s1.tif","Sibbern100355s1.tif"
619,,619,,2,"2005-05-26",2,"2005-05-26",,6806885,"UIO FUH","Sibbern251055","Sibbern251055s3.tif","Sibbern251055s3.tif"
620,,620,,2,"2005-05-26",2,"2005-05-26",,6806917,"UIO FUH","Sibbern231255","Sibbern231255s2.tif","Sibbern231255s2.tif"
621,,621,,2,"2005-05-26",2,"2005-05-26",,6806933,"UIO FUH","Sibbern050255","Sibbern 050255v1.tif","Sibbern 050255v1.tif"
622,,622,,2,"2005-05-26",2,"2005-05-26",,6806957,"UIO FUH","Silveira100863","Silveira100863s2.tif","Silveira100863s2.tif"
623,,623,,2,"2005-05-26",2,"2005-05-26",,6806973,"UIO FUH","Schmidt190255","Schmidt190255s2.tif","Schmidt190255s2.tif"
624,,624,,2,"2005-05-26",2,"2005-05-26",,6806989,"UIO FUH","Sundriet130135","Sundriets4.tif","Sundriets4.tif"
625,,625,,2,"2005-05-26",2,"2005-05-26",,6807021,"UIO FUH","Steinheilxx0555","Steinheilxx0555s3.tif","Steinheilxx0555s3.tif"
626,,626,,2,"2005-05-27",2,"2005-05-27",,6811029,"UIO FUH","Sandels141218","Sandels141218v1.tif","Sandels141218v1.tif"
627,,627,,2,"2005-05-27",2,"2005-05-27",,6811053,"UIO FUH","Sandels080319","Sandels080319s2.tif","Sandels080319s2.tif"
628,,628,,2,"2005-05-27",2,"2005-05-27",,6811069,"UIO FUH","Sandels030723","Sandels030723s2.tif","Sandels030723s2.tif"
629,,629,,2,"2005-05-27",2,"2005-05-27",,6811085,"UIO FUH","Sterks201259","Sterks201259s3.tif","Sterks201259s3.tif"
630,,630,,2,"2005-05-27",2,"2005-05-27",,6811109,"UIO FUH","Schram051065","Schramm051065s3.tif","Schramm051065s3.tif"
631,,631,,2,"2005-05-27",2,"2005-05-27",,6811141,"UIO FUH","Stjerne290629","Stjerneld290629s1.tif","Stjerneld290629s1.tif"
632,,632,,2,"2005-05-27",2,"2005-05-27",,6811157,"UIO FUH","Stjerne240650","Stjerneld240650s2.tif","Stjerneld240650s2.tif"
633,,633,,2,"2005-05-27",2,"2005-05-27",,6811181,"UIO FUH","Stevens241156","Stevenson241156s4.tif","Stevenson241156s4.tif"
634,,634,,2,"2005-05-27",2,"2005-05-27",,6811213,"UIO FUH","Stevens020357","Stevenson020357s3.tif","Stevenson020357s3.tif"
635,,635,,2,"2005-05-27",2,"2005-05-27",,6811367,"UIO FUH","Sefströ221039","Sefström221039s3.tif","Sefström221039s3.tif"
636,,636,,2,"2005-05-27",2,"2005-05-27",,6812019,"UIO FUH","Scharlin230843","Scharling220843s2.tif","Scharling220843s2.tif"
637,,637,,2,"2005-05-27",2,"2005-05-27",,6812261,"UIO FUH","Starkxx1117","Starkxx1117v1.tif","Starkxx1117v1.tif"
638,,638,,2,"2005-05-27",2,"2005-05-27",,6812600,"UIO FUH","Suchtel190825","Suchtelen190825s2.tif","Suchtelen190825s2.tif"
639,,639,,2,"2005-05-27",2,"2005-05-27",,6813065,"UIO FUH","Suchtel140919","Suchtelen140919s2.tif","Suchtelen140919s2.tif"
640,,640,,2,"2005-05-30",2,"2005-05-30",,6816207,"UIO FUH","Stewart020965","Stewart020965s2.tif","Stewart020965s2.tif"
641,,641,,2,"2005-05-30",2,"2005-05-30",,6816223,"UIO FUH","Svanbe220551_1","Svanberg220551s3.tif","Svanberg220551s3.tif"
642,,642,,2,"2005-05-30",2,"2005-05-30",,6816255,"UIO FUH","Svanbe220551_2","Svanberg220551bs3.tif","Svanberg220551bs3.tif"
643,,643,,2,"2005-05-30",2,"2005-05-30",,6816297,"UIO FUH","Svanbe090552","Svanberg090552s8.tif","Svanberg090552s8.tif"
644,,644,,2,"2005-05-30",2,"2005-05-30",,6816361,"UIO FUH","Svanbe140652","Svanberg140652s1.tif","Svanberg140652s1.tif"
645,,645,,2,"2005-05-30",2,"2005-05-30",,6816377,"UIO FUH","Svanbe170652","Svanberg170652s3.tif","Svanberg170652s3.tif"
646,,646,,2,"2005-05-30",2,"2005-05-30",,6816409,"UIO FUH","Svanbe200652","Svanberg200652s2.tif","Svanberg200652s2.tif"
647,,647,,2,"2005-05-30",2,"2005-05-30",,6816425,"UIO FUH","Svanbe130753","Svanberg130753s1.tif","Svanberg130753s1.tif"
648,,648,,2,"2005-05-30",2,"2005-05-30",,6816441,"UIO FUH","Svanbe030754","Svanberg030754s3.tif","Svanberg030754s3.tif"
649,,649,,2,"2005-05-30",2,"2005-05-30",,6816473,"UIO FUH","Svanbe160855","Svanberg160855s4.tif","Svanberg160855s4.tif"
650,,650,,2,"2005-05-30",2,"2005-05-30",,6816505,"UIO FUH","Svabbexxxxxx","Svanbergxxxxxxs2.tif","Svanbergxxxxxxs2.tif"
651,,651,,2,"2005-05-30",2,"2005-05-30",,6816521,"UIO FUH","Svanbe251256","Svanberg251256s2.tif","Svanberg251256s2.tif"
652,,652,,2,"2005-05-30",2,"2005-05-30",,6816537,"UIO FUH","Sterky301229","Sterky301229s2.tif","Sterky301229s2.tif"
653,,653,,2,"2005-05-30",2,"2005-05-30",,6816553,"UIO FUH","Sterky190930","Sterky190930s3.tif","Sterky190930s3.tif"
654,,654,,2,"2005-05-30",2,"2005-05-30",,6816585,"UIO FUH","Sievers280247","Sievers280247s1.tif","Sievers280247s1.tif"
655,,655,,2,"2005-05-30",2,"2005-05-30",,6816601,"UIO FUH","Sievers160857","Sievers160857s3.tif","Sievers160857s3.tif"
656,,656,,2,"2005-05-30",2,"2005-05-30",,6816625,"UIO FUH","Sievers210957","Sievers210957s2.tif","Sievers210957s2.tif"
657,,657,,2,"2005-05-30",2,"2005-05-30",,6816641,"UIO FUH","Schube030819","Schubert030819s2.tif","Schubert030819s2.tif"
658,,658,,2,"2005-05-30",2,"2005-05-30",,6816665,"UIO FUH","Schube060132","Schubert060132s3.tif","Schubert060132s3.tif"
659,,659,,2,"2005-05-31",2,"2005-05-31",,6817699,"UIO FUH","Hansteenxxxxxx","Hansteenxxxxxxs8.tif","Hansteenxxxxxxs8.tif"
660,,660,,2,"2005-05-31",2,"2005-05-31",,6817819,"UIO FUH","Schube011036","Schubert011036s4.tif","Schubert011036s4.tif"
661,,661,,2,"2005-05-31",2,"2005-05-31",,6817851,"UIO FUH","Schube270460","Schubert270460s2.tif","Schubert270460s2.tif"
662,,662,,2,"2005-05-31",2,"2005-05-31",,6817867,"UIO FUH","Schube280559","Schubert280559s2.tif","Schubert280559s2.tif"
663,,663,,2,"2005-05-31",2,"2005-05-31",,6817893,"UIO FUH","Segelck200128","Segelcke200128s3.tif","Segelcke200128s3.tif"
664,,664,,2,"2005-05-31",2,"2005-05-31",,6817925,"UIO FUH","Segelck121029","Segelcke121029s6.tif","Segelcke121029s6.tif"
666,,666,,2,"2005-05-31",2,"2005-05-31",,6818135,"UIO FUH","Segelck201231","Segelcke201231s10.tif","Segelcke201231s10.tif"
667,,667,,2,"2005-05-31",2,"2005-05-31",,6818287,"UIO FUH","Segelck190231","Segelcke190231s8.tif","Segelcke190231s8.tif"
668,,668,,2,"2005-05-31",2,"2005-05-31",,6818393,"UIO FUH","Segelck120331","Segelcke120331s3.tif","Segelcke120331s3.tif"
669,,669,,2,"2005-05-31",2,"2005-05-31",,6818455,"UIO FUH","Schwei210314","Schweigger210314s1.tif","Schweigger210314s1.tif"
670,,670,,2,"2005-05-31",2,"2005-05-31",,6818507,"UIO FUH","Schwei260519","Schweigger260519s2d2.tif","Schweigger260519s2d2.tif"
671,,671,,2,"2005-05-31",2,"2005-05-31",,6818563,"UIO FUH","Schwei270920","Schweigger270920s3.tif","Schweigger270920s3.tif"
672,,672,,0,"2005-05-31",0,"2005-05-31",,6818619,"UIO","Schwei031025","Schweigger031025s3.tif","Schweigger031025s3.tif"
673,,673,,2,"2005-05-31",2,"2005-05-31",,6818835,"UIO FUH","Schwei110726","Schweigger110726s2.tif","Schweigger110726s2.tif"
674,,674,,2,"2005-05-31",2,"2005-05-31",,6818875,"UIO FUH","Schwei130227","Schweigger130227s4.tif","Schweigger130227s4.tif"
676,,676,,0,"2005-09-23",0,"2005-09-23",,7228444,"UIO FUH","Cappel121227","Cappelen121227s3.tif","Cappelen121227s3.tif"
677,,677,,0,"2005-09-23",0,"2005-09-23",,7228476,"UIO FUH","Cappelen260923","Cappelen260923s1.tif","Cappelen260923s1.tif"
678,,678,,0,"2005-09-23",0,"2005-09-23",,7228492,"UIO FUH","Christie140428","Christie140428s2.tif","Christie140428s2.tif"
679,,679,,0,"2005-09-23",0,"2005-09-23",,7228508,"UIO FUH","Cronstrand08051","Cronstrand080517s2.tif","Cronstrand080517s2.tif"
680,,680,,0,"2005-09-23",0,"2005-09-23",,7228524,"UIO FUH","Cronstrand10041","Cronstrand100417s4.tif","Cronstrand100417s4.tif"
681,,681,,0,"2005-09-23",0,"2005-09-23",,7228556,"UIO FUH","Cronstran141017","Cronstrand141017s2.tif","Cronstrand141017s2.tif"
682,,682,,0,"2005-09-23",0,"2005-09-23",,7228572,"UIO FUH","Cronstran200127","Cronstrand200127s2.tif","Cronstrand200127s2.tif"
683,,683,,0,"2005-09-23",0,"2005-09-23",,7228596,"UIO FUH","Cronstran201025","Cronstrand201025s2.tif","Cronstrand201025s2.tif"
684,,684,,0,"2005-09-23",0,"2005-09-23",,7228612,"UIO FUH","Cronstran290518","Cronstrand290518s2.tif","Cronstrand290518s2.tif"
685,,685,,0,"2005-09-23",0,"2005-09-23",,7228636,"UIO FUH","Cronstran301217","Cronstrand301217s4.tif","Cronstrand301217s4.tif"
686,,686,,0,"2005-09-23",0,"2005-09-23",,7228668,"UIO FUH","Ertel300127","Ertel300127s3.tif","Ertel300127s3.tif"
687,,687,,0,"2005-09-23",0,"2005-09-23",,7228700,"UIO FUH","Cronstran160425","Cronstrand160425s3.tif","Cronstrand160425s3.tif"
688,,688,,0,"2005-09-23",0,"2005-09-23",,7228724,"UIO FUH","Cronstran190520","Cronstrand190520s2.tif","Cronstrand190520s2.tif"
689,,689,,0,"2005-09-23",0,"2005-09-23",,7228748,"UIO FUH","Cronstran250119","Cronstrand250119s4.tif","Cronstrand250119s4.tif"
690,,690,,0,"2005-09-23",0,"2005-09-23",,7228780,"UIO FUH","Cronstran261124","Cronstrand261124s3.tif","Cronstrand261124s3.tif"
692,,692,,0,"2005-09-23",0,"2005-09-23",,7228828,"UIO FUH","Barrat050750","Barrat050750s1.tif","Barrat050750s1.tif"
693,,693,,0,"2005-09-23",0,"2005-09-23",,7228836,"UIO FUH","Bergsager260562","Bergsager260562v1s1.tif","Bergsager260562v1s1.tif"
694,,694,,0,"2005-09-23",0,"2005-09-23",,7228860,"UIO FUH","BrochUdat1","BrochUdat1s2d2.tif","BrochUdat1s2d2.tif"
695,,695,,0,"2005-09-23",0,"2005-09-23",,7228892,"UIO FUH","BrochUdat2","BrochUdat2s417s.tif","BrochUdat2s417s.tif"
696,,696,,0,"2005-09-23",0,"2005-09-23",,7228940,"UIO FUH","Bugge120337","Bugge120337s4.tif","Bugge120337s4.tif"
697,,697,,0,"2005-09-23",0,"2005-09-23",,7228972,"UIO FUH","Bystrøm280638","Bystrøm280638s1.tif","Bystrøm280638s1.tif"
699,,699,,0,"2005-09-23",0,"2005-09-23",,7228988,"UIO FUH","Beaufort150731","Beaufort150731s3.tif","Beaufort150731s3.tif"
700,,700,,0,"2005-09-23",0,"2005-09-23",,7229012,"UIO FUH","Beaufort300132","Beaufort300132s1.tif","Beaufort300132s1.tif"
701,,701,,0,"2005-09-23",0,"2005-09-23",,7229020,"UIO FUH","Berghaus081124","Berghaus081124s2.tif","Berghaus081124s2.tif"
702,,702,,0,"2005-10-14",0,"2005-10-14",,7285002,"UIO FUH","Bloomfiel020824","Bloomfield020824.tif","Bloomfield020824.tif"
703,,703,,0,"2005-10-14",0,"2005-10-14",,7285010,"UIO FUH","Boignet080659","Boignet080659f.tif","Boignet080659f.tif"
704,,704,,0,"2005-10-14",0,"2005-10-14",,7285034,"UIO FUH","Brewster071126","Brewster071126s4.tif","Brewster071126s4.tif"
705,,705,,0,"2005-10-14",0,"2005-10-14",,7285066,"UIO FUH","Brewster110324","Brewter110324s1.tif","Brewter110324s1.tif"
706,,706,,0,"2005-10-17",0,"2005-10-17",,7285188,"UIO FUH","Brimont110457","Brimont110457s1.tif","Brimont110457s1.tif"
707,,707,,0,"2005-10-17",0,"2005-10-17",,7285204,"UIO FUH","Brosset260765","Brosset260765s1.tif","Brosset260765s1.tif"
708,,708,,0,"2005-10-17",0,"2005-10-17",,7285212,"UIO FUH","Perthes010551","Perthes010551s1.tif","Perthes010551s1.tif"
709,,709,,0,"2005-10-17",0,"2005-10-17",,7285220,"UIO FUH","Perthes041136","Perthes041136s1.tif","Perthes041136s1.tif"
710,,710,,0,"2005-10-17",0,"2005-10-17",,7285228,"UIO FUH","Perthes041150","Perthes041150s1.tif","Perthes041150s1.tif"
711,,711,,0,"2005-10-17",0,"2005-10-17",,7285244,"UIO FUH","Perthes051132","Perthes051132s1.tif","Perthes051132s1.tif"
712,,712,,0,"2005-10-17",0,"2005-10-17",,7285260,"UIO FUH","Perthes051150","Perthes051150s1.tif","Perthes051150s1.tif"
713,,713,,0,"2005-10-17",0,"2005-10-17",,7285268,"UIO FUH","Perthes100542","Perthes100542s1.tif","Perthes100542s1.tif"
714,,714,,0,"2005-10-17",0,"2005-10-17",,7285284,"UIO FUH","Perthes111144","Perthes111144s1.tif","Perthes111144s1.tif"
715,,715,,0,"2005-10-17",0,"2005-10-17",,7285292,"UIO FUH","Perthes111157","Perthes111157s1.tif","Perthes111157s1.tif"
716,,716,,0,"2005-10-17",0,"2005-10-17",,7285300,"UIO FUH","Perthes121251","Perthes121251s1.tif","Perthes121251s1.tif"
717,,717,,0,"2005-10-17",0,"2005-10-17",,7285308,"UIO FUH","Perthes130358","Perthes130358s2.tif","Perthes130358s2.tif"
718,,718,,0,"2005-10-17",0,"2005-10-17",,7285332,"UIO FUH","Perthes130751","Perthes130751s1.tif","Perthes130751s1.tif"
719,,719,,0,"2005-10-17",0,"2005-10-17",,7285340,"UIO FUH","Perthes140851","Perthes140851s1.tif","Perthes140851s1.tif"
720,,720,,0,"2005-10-17",0,"2005-10-17",,7285348,"UIO FUH","Perthes141050","Perthes141050s1.tif","Perthes141050s1.tif"
721,,721,,0,"2005-10-17",0,"2005-10-17",,7285356,"UIO FUH","Perthes180658","Perthes180658s2.tif","Perthes180658s2.tif"
722,,722,,0,"2005-10-17",0,"2005-10-17",,7285372,"UIO FUH","Perthes190352","Perthes190352s1.tif","Perthes190352s1.tif"
723,,723,,0,"2005-10-17",0,"2005-10-17",,7285380,"UIO FUH","Perthes200152","Perthes200152f.tif","Perthes200152f.tif"
724,,724,,0,"2005-10-17",0,"2005-10-17",,7285396,"UIO FUH","Perthes200852","Perthes200852s1.tif","Perthes200852s1.tif"
725,,725,,0,"2005-10-17",0,"2005-10-17",,7285424,"UIO FUH","Perthes210153","Perthes210153s1.tif","Perthes210153s1.tif"
726,,726,,0,"2005-10-17",0,"2005-10-17",,7285440,"UIO FUH","Perthes220353","Perthes220353s1.tif","Perthes220353s1.tif"
727,,727,,0,"2005-10-17",0,"2005-10-17",,7285456,"UIO FUH","Perthes220552","Perthes220552s1.tif","Perthes220552s1.tif"
728,,728,,0,"2005-10-17",0,"2005-10-17",,7285464,"UIO FUH","Perthes220652","Perthes220652s1.tif","Perthes220652s1.tif"
729,,729,,0,"2005-10-17",0,"2005-10-17",,7285480,"UIO FUH","Perthes230850","Perthes230850s1.tif","Perthes230850s1.tif"
730,,730,,0,"2005-10-17",0,"2005-10-17",,7285488,"UIO FUH","Perthes240550","Perthes240550s2.tif","Perthes240550s2.tif"
731,,731,,0,"2005-10-17",0,"2005-10-17",,7285512,"UIO FUH","Perthes250351","Perthes250351s1.tif","Perthes250351s1.tif"
732,,732,,0,"2005-10-17",0,"2005-10-17",,7285520,"UIO FUH","Perthes251152","Perthes251152s3.tif","Perthes251152s3.tif"
733,,733,,0,"2005-10-17",0,"2005-10-17",,7285552,"UIO FUH","Perthes270453","Perthes270453v1.tif","Perthes270453v1.tif"
734,,734,,0,"2005-10-17",0,"2005-10-17",,7285568,"UIO FUH","Perthes290952","Perthes290952s1.tif","Perthes290952s1.tif"
735,,735,,0,"2005-10-17",0,"2005-10-17",,7285576,"UIO FUH","Perthes310750","Perthes310750s2.tif","Perthes310750s2.tif"
736,,736,,0,"2005-10-17",0,"2005-10-17",,7285592,"UIO FUH","Perthes311247","Perthes311247s1.tif","Perthes311247s1.tif"
737,,737,,0,"2005-10-17",0,"2005-10-17",,7285600,"UIO FUH","Perthes311250","Perthes311250s1.tif","Perthes311250s1.tif"
738,,738,,0,"2005-10-17",0,"2005-10-17",,7285616,"UIO FUH","Perthes311251","Perthes311251s1.tif","Perthes311251s1.tif"
739,,739,,0,"2005-10-17",0,"2005-10-17",,7285624,"UIO FUH","Baeyer010964","Baeyer010964s1.tif","Baeyer010964s1.tif"
